,令和７年５月１日現在,,,設置者別、学校別、学科別　公立高等学校（全日制）の生徒数・学級数（学校一覧）
,学校コード,設置者,所在市区町村,学校名,（学科）,生徒数,,,,,,,,,,学級数,,,
,,,,,,合計,,,１学年,,２学年,,３学年,,,合計,１学年,２学年,３学年
,,,,,,男女,男,女,男,女,男,女,男,女,,,,,
,D114210010017,神奈川県,101横浜市鶴見区,鶴見,（普通）,945,451,494,154,165,162,152,135,177,,24,8,8,8,
,D114210010026,神奈川県,101横浜市鶴見区,鶴見総合,（総合）,754,311,443,120,161,94,138,97,144,,20,7,6,7
,D114210010035,神奈川県,102横浜市神奈川区,神奈川工業,（工業）,945,748,197,251,69,252,65,245,63,,24,8,8,8
,D114210010044,神奈川県,102横浜市神奈川区,神奈川総合,（普通）,677,188,489,54,166,78,158,56,165,,24,8,8,8,（注１）
,D114210010044,神奈川県,102横浜市神奈川区,神奈川総合,（舞台芸術）,89,11,78,6,24,3,27,2,27,,3,1,1,1,（注１）
,D114210010053,神奈川県,102横浜市神奈川区,横浜翠嵐,（普通）,1068,742,326,250,113,249,107,243,106,,27,9,9,9
,D114210010062,神奈川県,102横浜市神奈川区,城郷,（普通）,748,300,448,119,141,95,148,86,159,,21,7,7,7
,D114210010071,神奈川県,103横浜市西区,横浜平沼,（普通）,952,353,599,123,197,119,201,111,201,,24,8,8,8
,D114210010080,神奈川県,104横浜市中区,横浜緑ケ丘,（普通）,829,341,488,123,156,111,168,107,164,,21,7,7,7
,D114210010099,神奈川県,104横浜市中区,横浜立野,（普通）,776,254,522,76,203,82,155,96,164,,20,7,6,7
,D114210010106,神奈川県,105横浜市南区,横浜清陵,（普通）,862,361,501,104,175,111,167,146,159,,22,7,7,8
,D114210010115,神奈川県,105横浜市南区,横浜国際,（国際）,527,150,377,53,126,50,124,47,127,,15,5,5,5
,D114210010151,神奈川県,106横浜市保土ケ谷区,光陵,（普通）,948,415,533,132,187,130,187,153,159,,24,8,8,8
,D114210010160,神奈川県,106横浜市保土ケ谷区,商工,（工業）,328,300,28,104,15,104,8,92,5,,12,4,4,4,（注２）
,D114210010160,神奈川県,106横浜市保土ケ谷区,商工,（商業）,334,156,178,44,74,50,57,62,47,,12,4,4,4,（注２）
,D114210010179,神奈川県,106横浜市保土ケ谷区,保土ケ谷,（普通）,762,497,265,161,86,158,79,178,100,,23,8,7,8
,D114210010222,神奈川県,107横浜市磯子区,磯子工業,（工業）,493,455,38,174,14,147,11,134,13,,18,6,6,6
,D114210010231,神奈川県,107横浜市磯子区,横浜氷取沢,（普通）,1053,546,507,184,174,196,155,166,178,,27,9,9,9
,D114210010240,神奈川県,108横浜市金沢区,金沢総合,（総合）,810,256,554,94,185,77,195,85,174,,25,8,8,9
,D114210010259,神奈川県,108横浜市金沢区,釜利谷,（普通）,487,249,238,111,94,78,75,60,69,,21,7,7,7
,D114210010268,神奈川県,109横浜市港北区,港北,（普通）,1026,510,516,189,170,160,156,161,190,,26,9,8,9
,D114210010277,神奈川県,109横浜市港北区,新羽,（普通）,1130,440,690,150,248,129,242,161,200,,30,10,10,10
,D114210010286,神奈川県,109横浜市港北区,岸根,（普通）,943,495,448,162,157,167,147,166,144,,24,8,8,8
,D114210010375,神奈川県,110横浜市戸塚区,舞岡,（普通）,973,535,438,179,140,167,148,189,150,,25,8,8,9
,D114210010384,神奈川県,110横浜市戸塚区,横浜桜陽,（普通）,741,291,450,103,165,94,139,94,146,,23,8,7,8
,D114210010393,神奈川県,110横浜市戸塚区,上矢部,（普通）,736,356,380,118,133,115,136,123,111,,21,7,7,7
,D114210010393,神奈川県,110横浜市戸塚区,上矢部,（美術）,114,12,102,2,37,2,37,8,28,,3,1,1,1
,D114210010124,神奈川県,111横浜市港南区,横浜南陵,（普通）,757,463,294,154,100,151,92,158,102,,21,7,7,7
,D114210010142,神奈川県,111横浜市港南区,永谷,（普通）,182,93,89,0,0,50,49,43,40,,10,0,5,5
,D114210010188,神奈川県,112横浜市旭区,希望ケ丘,（普通）,1060,542,518,184,175,181,172,177,171,,27,9,9,9
,D114210010197,神奈川県,112横浜市旭区,二俣川,（普通）,119,24,95,24,95,0,0,0,0,,3,3,0,0
,D114210010197,神奈川県,112横浜市旭区,二俣川,（看護）,139,17,122,0,0,8,61,9,61,,4,0,2,2
,D114210010197,神奈川県,112横浜市旭区,二俣川,（福祉）,112,33,79,9,28,15,32,9,19,,5,1,2,2
,D114210010204,神奈川県,112横浜市旭区,旭,（普通）,975,555,420,185,133,179,135,191,152,,25,8,8,9
,D114210010213,神奈川県,112横浜市旭区,横浜旭陵,（普通）,362,187,175,0,0,94,89,93,86,,15,0,7,8
,D114210010295,神奈川県,113横浜市緑区,霧が丘,（普通）,973,509,464,169,160,163,157,177,147,,27,9,9,9
,D114210010302,神奈川県,113横浜市緑区,白山,（普通）,762,386,376,127,123,126,112,133,141,,22,7,7,8
,D114210010302,神奈川県,113横浜市緑区,白山,（美術）,113,11,102,1,38,6,33,4,31,,3,1,1,1
,D114210010482,神奈川県,114横浜市瀬谷区,横浜瀬谷,（普通）,938,541,397,180,138,168,145,193,114,,24,8,8,8
,D114210010400,神奈川県,115横浜市栄区,柏陽,（普通）,948,562,386,195,126,193,121,174,139,,24,8,8,8
,D114210010419,神奈川県,115横浜市栄区,金井,（普通）,975,547,428,196,162,173,137,178,129,,25,9,8,8
,D114210010428,神奈川県,115横浜市栄区,横浜栄,（普通）,937,517,420,163,156,171,142,183,122,,25,9,8,8
,D114210010437,神奈川県,116横浜市泉区,松陽,（普通）,913,433,480,117,162,142,177,174,141,,23,7,8,8
,D114210010446,神奈川県,116横浜市泉区,横浜緑園,（普通）,814,232,582,89,190,72,201,71,191,,24,8,8,8
,D114210010311,神奈川県,117横浜市青葉区,市ケ尾,（普通）,1182,622,560,210,190,201,191,211,179,,30,10,10,10
,D114210010320,神奈川県,117横浜市青葉区,田奈,（普通）,217,110,107,56,49,34,35,20,23,,12,5,4,3
,D114210010339,神奈川県,117横浜市青葉区,元石川,（普通）,1065,511,554,156,203,177,178,178,173,,27,9,9,9
,D114210010348,神奈川県,118横浜市都筑区,川和,（普通）,992,472,520,158,162,150,167,164,191,,25,8,8,9
,D114210010357,神奈川県,118横浜市都筑区,荏田,（普通）,1180,643,537,205,193,231,167,207,177,,30,10,10,10
,D114210010366,神奈川県,118横浜市都筑区,新栄,（普通）,1042,588,454,195,165,201,156,192,133,,27,9,9,9
,D114213010011,神奈川県,131川崎市川崎区,川崎,（普通）,703,263,440,76,158,90,146,97,136,,25,8,8,9
,D114213010020,神奈川県,131川崎市川崎区,大師,（普通）,582,296,286,108,109,95,91,93,86,,19,7,6,6
,D114213010039,神奈川県,133川崎市中原区,川崎工科,（工業）,501,464,37,173,13,152,12,139,12,,20,8,6,6
,D114213010048,神奈川県,133川崎市中原区,新城,（普通）,826,376,450,126,153,132,144,118,153,,21,7,7,7
,D114213010057,神奈川県,133川崎市中原区,住吉,（普通）,1056,513,543,176,184,159,196,178,163,,27,9,9,9
,D114213010075,神奈川県,135川崎市多摩区,多摩,（普通）,831,488,343,169,109,154,120,165,114,,21,7,7,7
,D114213010084,神奈川県,135川崎市多摩区,向の岡工業,（工業）,532,495,37,196,12,166,17,133,8,,21,9,6,6
,D114213010093,神奈川県,135川崎市多摩区,生田,（普通）,1110,583,527,177,181,178,182,228,164,,28,9,9,10
,D114213010100,神奈川県,135川崎市多摩区,百合丘,（普通）,1091,506,585,163,198,164,192,179,195,,28,9,9,10
,D114213010119,神奈川県,135川崎市多摩区,生田東,（普通）,920,420,500,153,166,140,170,127,164,,24,8,8,8
,D114213010128,神奈川県,135川崎市多摩区,菅,（普通）,869,490,379,162,122,156,123,172,134,,25,8,8,9
,D114213010066,神奈川県,136川崎市宮前区,川崎北,（普通）,867,416,451,150,144,136,151,130,156,,24,8,8,8
,D114213010137,神奈川県,137川崎市麻生区,麻生総合,（総合）,321,151,170,52,53,38,65,61,52,,14,4,5,5
,D114213010146,神奈川県,137川崎市麻生区,麻生,（普通）,936,456,480,147,171,147,158,162,151,,24,8,8,8
,D114215010016,神奈川県,151相模原市緑区,相原,（農業）,348,105,243,33,83,35,80,37,80,,9,3,3,3
,D114215010016,神奈川県,151相模原市緑区,相原,（商業）,343,120,223,41,78,43,76,36,69,,9,3,3,3
,D114215010025,神奈川県,151相模原市緑区,橋本,（普通）,861,325,536,134,162,104,189,87,185,,24,8,8,8
,D114215010052,神奈川県,151相模原市緑区,津久井,（普通）,269,189,80,66,30,61,24,62,26,,12,4,4,4
,D114215010052,神奈川県,151相模原市緑区,津久井,（福祉）,65,25,40,11,14,3,7,11,19,,3,1,1,1
,D114215010142,神奈川県,151相模原市緑区,相模原城山,（普通）,815,415,400,139,140,155,114,121,146,,24,8,8,8
,D114215010061,神奈川県,152相模原市中央区,上溝,（普通）,715,334,381,127,117,103,136,104,128,,18,6,6,6
,D114215010070,神奈川県,152相模原市中央区,相模原,（普通）,826,431,395,144,136,151,124,136,135,,21,7,7,7
,D114215010089,神奈川県,152相模原市中央区,上溝南,（普通）,1070,544,526,169,191,187,171,188,164,,27,9,9,9
,D114215010098,神奈川県,152相模原市中央区,相模原弥栄,（普通）,585,226,359,80,119,69,127,77,113,,15,5,5,5,（注３）
,D114215010098,神奈川県,152相模原市中央区,相模原弥栄,（音楽）,116,27,89,11,28,7,32,9,29,,3,1,1,1,（注３）
,D114215010098,神奈川県,152相模原市中央区,相模原弥栄,（美術）,117,10,107,2,37,4,35,4,35,,3,1,1,1,（注３）
,D114215010098,神奈川県,152相模原市中央区,相模原弥栄,（体育）,237,146,91,46,34,48,30,52,27,,6,2,2,2,（注３）
,D114215010105,神奈川県,152相模原市中央区,相模田名,（普通）,852,480,372,158,116,148,124,174,132,,24,8,8,8
,D114215010114,神奈川県,153相模原市南区,神奈川総合産業,（総合産業）,715,463,252,152,87,151,86,160,79,,24,8,8,8
,D114215010123,神奈川県,153相模原市南区,麻溝台,（普通）,1069,513,556,167,192,173,185,173,179,,27,9,9,9
,D114215010132,神奈川県,153相模原市南区,上鶴間,（普通）,869,439,430,127,159,157,124,155,147,,25,8,8,9
,D114220110015,神奈川県,201横須賀市,横須賀,（普通）,830,517,313,181,98,179,102,157,113,,21,7,7,7
,D114220110024,神奈川県,201横須賀市,横須賀大津,（普通）,824,437,387,154,126,140,136,143,125,,21,7,7,7
,D114220110033,神奈川県,201横須賀市,横須賀工業,（工業）,513,446,67,155,24,158,24,133,19,,18,6,6,6
,D114220110042,神奈川県,201横須賀市,海洋科学　※専攻科除く,（水産）,375,303,72,121,31,105,24,77,17,,12,4,4,4
,D114220110051,神奈川県,201横須賀市,追浜,（普通）,866,389,477,136,144,115,161,138,172,,22,7,7,8
,D114220110060,神奈川県,201横須賀市,津久井浜,（普通）,741,416,325,141,111,141,105,134,109,,21,7,7,7
,D114220110079,神奈川県,201横須賀市,横須賀南,（普通）,310,109,201,44,73,30,65,35,63,,12,4,4,4
,D114220110079,神奈川県,201横須賀市,横須賀南,（福祉）,138,25,113,11,42,8,34,6,37,,6,2,2,2
,D114220310013,神奈川県,203平塚市,平塚江南,（普通）,950,484,466,171,150,164,151,149,165,,24,8,8,8
,D114220310022,神奈川県,203平塚市,平塚農商,（農業）,446,163,283,54,103,52,96,57,84,,12,4,4,4
,D114220310022,神奈川県,203平塚市,平塚農商,（商業）,430,193,237,68,73,58,95,67,69,,12,4,4,4
,D114220310031,神奈川県,203平塚市,平塚工科,（工業）,517,487,30,180,15,142,9,165,6,,18,6,6,6
,D114220310040,神奈川県,203平塚市,高浜,（普通）,697,341,356,126,111,115,120,100,125,,18,6,6,6
,D114220310059,神奈川県,203平塚市,平塚湘風,（普通）,478,280,198,125,72,88,72,67,54,,17,6,5,6
,D114220410012,神奈川県,204鎌倉市,鎌倉,（普通）,989,531,458,157,162,169,150,205,146,,25,8,8,9
,D114220410021,神奈川県,204鎌倉市,七里ガ浜,（普通）,1103,538,565,173,224,179,176,186,165,,28,10,9,9
,D114220410030,神奈川県,204鎌倉市,大船,（普通）,1182,613,569,193,205,221,176,199,188,,30,10,10,10
,D114220410049,神奈川県,204鎌倉市,深沢,（普通）,420,212,208,0,0,95,101,117,107,,11,0,5,6
,D114220510011,神奈川県,205藤沢市,湘南,（普通）,1076,635,441,197,165,227,135,211,141,,27,9,9,9
,D114220510020,神奈川県,205藤沢市,藤沢西,（普通）,909,390,519,113,167,154,164,123,188,,23,7,8,8
,D114220510039,神奈川県,205藤沢市,藤沢工科,（工業）,565,472,93,170,43,151,23,151,27,,20,8,6,6
,D114220510048,神奈川県,205藤沢市,藤沢清流,（普通）,819,497,322,161,118,178,95,158,109,,24,8,8,8
,D114220510057,神奈川県,205藤沢市,藤沢総合,（総合）,825,187,638,55,224,49,229,83,185,,24,8,8,8
,D114220510066,神奈川県,205藤沢市,湘南台,（普通）,764,320,444,104,156,110,142,106,146,,21,7,7,7
,D114220610010,神奈川県,206小田原市,小田原,（普通）,952,533,419,190,130,178,143,165,146,,27,9,9,9
,D114220610029,神奈川県,206小田原市,小田原東,（普通）,280,143,137,43,48,45,52,55,37,,9,3,3,3
,D114220610029,神奈川県,206小田原市,小田原東,（商業）,194,100,94,29,28,32,34,39,32,,9,3,3,3
,D114220610038,神奈川県,206小田原市,西湘,（普通）,941,504,437,177,138,166,150,161,149,,24,8,8,8
,D114220610047,神奈川県,206小田原市,小田原城北工業,（工業）,366,280,86,81,30,86,26,113,30,,14,4,4,6
,D114220710019,神奈川県,207茅ヶ崎市,茅ケ崎,（普通）,905,445,460,144,144,156,176,145,140,,25,8,9,8
,D114220710028,神奈川県,207茅ヶ崎市,茅ケ崎北陵,（普通）,824,439,385,151,128,151,126,137,131,,24,8,8,8
,D114220710037,神奈川県,207茅ヶ崎市,鶴嶺,（普通）,1157,505,652,166,222,180,211,159,219,,30,10,10,10
,D114220710046,神奈川県,207茅ヶ崎市,茅ケ崎西浜,（普通）,1027,462,565,159,201,135,207,168,157,,27,9,9,9
,D114220810036,神奈川県,208逗子市,逗子葉山,（普通）,934,485,449,163,156,160,156,162,137,,24,8,8,8
,D114221010014,神奈川県,210三浦市,三浦初声,（普通）,425,175,250,60,88,44,68,71,94,,17,5,5,7
,D114221010014,神奈川県,210三浦市,三浦初声,（農業）,73,49,24,15,9,16,4,18,11,,3,1,1,1
,D114221110013,神奈川県,211秦野市,秦野,（普通）,1068,599,469,190,169,211,145,198,155,,28,9,9,10
,D114221110022,神奈川県,211秦野市,秦野総合,（総合）,643,357,286,119,112,124,106,114,68,,21,7,7,7
,D114221110031,神奈川県,211秦野市,秦野曽屋,（普通）,806,384,422,126,140,119,156,139,126,,21,7,7,7
,D114221210012,神奈川県,212厚木市,厚木,（普通）,1071,612,459,204,157,196,157,212,145,,27,9,9,9
,D114221210076,神奈川県,212厚木市,厚木王子,（普通）,588,224,364,85,114,68,130,71,120,,15,5,5,5
,D114221210076,神奈川県,212厚木市,厚木王子,（商業）,461,167,294,58,101,51,104,58,89,,12,4,4,4
,D114221210049,神奈川県,212厚木市,厚木北,（普通）,700,451,249,151,88,147,89,153,72,,18,6,6,6
,D114221210049,神奈川県,212厚木市,厚木北,（体育）,109,95,14,31,8,33,3,31,3,,3,1,1,1
,D114221210058,神奈川県,212厚木市,厚木清南,（普通）,639,205,434,79,135,61,153,65,146,,27,8,8,11
,D114221210067,神奈川県,212厚木市,厚木西,（普通）,745,402,343,147,112,133,123,122,108,,21,7,7,7
,D114221310011,神奈川県,213大和市,大和,（普通）,826,459,367,139,141,163,110,157,116,,21,7,7,7
,D114221310020,神奈川県,213大和市,大和南,（普通）,927,505,422,188,133,157,150,160,139,,24,8,8,8
,D114221310039,神奈川県,213大和市,大和東,（普通）,595,292,303,128,111,86,104,78,88,,24,8,8,8
,D114221310048,神奈川県,213大和市,大和西,（普通）,828,456,372,137,143,159,118,160,111,,21,7,7,7
,D114221410010,神奈川県,214伊勢原市,伊勢原,（普通）,746,328,418,120,135,102,152,106,131,,21,7,7,7
,D114221410029,神奈川県,214伊勢原市,伊志田,（普通）,852,423,429,144,134,128,143,151,152,,22,7,7,8
,D114221510019,神奈川県,215海老名市,中央農業,（農業）,544,289,255,101,96,101,80,87,79,,15,5,5,5
,D114221510028,神奈川県,215海老名市,海老名,（普通）,1182,635,547,216,184,212,181,207,182,,30,10,10,10
,D114221510037,神奈川県,215海老名市,有馬,（普通）,932,346,586,117,202,112,198,117,186,,24,8,8,8
,D114221610018,神奈川県,216座間市,座間,（普通）,864,492,372,171,108,153,123,168,141,,22,7,7,8
,D114221610027,神奈川県,216座間市,座間総合,（総合）,724,324,400,120,119,100,128,104,153,,21,8,6,7
,D114221710017,神奈川県,217南足柄市,足柄,（普通）,715,384,331,126,97,121,124,137,110,,21,7,7,7
,D114221810016,神奈川県,218綾瀬市,綾瀬,（普通）,960,518,442,170,160,173,142,175,140,,27,9,9,9
,D114221810025,神奈川県,218綾瀬市,綾瀬西,（普通）,874,482,392,171,131,163,130,148,131,,27,9,9,9
,D114232110010,神奈川県,321寒川町,寒川,（普通）,502,225,277,65,105,80,79,80,93,,18,6,6,6
,D114234110016,神奈川県,341大磯町,大磯,（普通）,821,396,425,121,157,133,139,142,129,,21,7,7,7
,D114234210015,神奈川県,342二宮町,二宮,（普通）,653,266,387,83,140,88,139,95,108,,21,7,7,7
,D114236210010,神奈川県,362大井町,大井,（普通）,197,107,90,32,30,37,30,38,30,,10,3,3,4
,D114236410018,神奈川県,364山北町,山北,（普通）,539,342,197,104,76,126,62,112,59,,18,6,6,6
,D114236610016,神奈川県,366開成町,吉田島,（農業）,237,125,112,44,34,39,42,42,36,,9,3,3,3,（注４）
,D114236610016,神奈川県,366開成町,吉田島,（家庭）,98,23,75,6,26,12,25,5,24,,3,1,1,1,（注４）
,D114240110013,神奈川県,401愛川町,愛川,（普通）,503,287,216,93,63,101,73,93,80,,19,7,6,6
,D114210020051,横浜市,101横浜市鶴見区,東,（普通）,816,393,423,127,143,121,155,145,125,,21,7,7,7
,D114210020088,横浜市,101横浜市鶴見区,横浜サイエンスフロンティア,（理数）,702,468,234,153,83,162,73,153,78,,18,6,6,6
,D114210020079,横浜市,104横浜市中区,みなと総合,（総合）,699,110,589,32,206,32,200,46,183,,19,6,6,7
,D114210020060,横浜市,105横浜市南区,横浜商業,（商業）,704,416,288,140,98,133,99,143,91,,18,6,6,6
,D114210020060,横浜市,105横浜市南区,横浜商業,（国際）,113,35,78,14,26,9,30,12,22,,3,1,1,1
,D114210020060,横浜市,105横浜市南区,横浜商業,（別科）,144,60,84,33,41,23,40,4,3,,5,2,2,1
,D114210020024,横浜市,106横浜市保土ケ谷区,桜丘,（普通）,949,526,423,199,121,184,130,143,172,,24,8,8,8
,D114210020033,横浜市,108横浜市金沢区,金沢,（普通）,948,524,424,184,134,170,149,170,141,,24,8,8,8
,D114210020015,横浜市,110横浜市戸塚区,戸塚,（普通）,948,346,602,107,211,117,201,122,190,,24,8,8,8
,D114210020042,横浜市,111横浜市港南区,南,（普通）,578,286,292,105,93,96,94,85,105,,15,5,5,5
,D114213020019,川崎市,131川崎市川崎区,川崎,（普通）,339,111,228,39,76,37,75,35,77,,11,3,4,4
,D114213020019,川崎市,131川崎市川崎区,川崎,（家庭）,115,15,100,4,35,6,33,5,32,,3,1,1,1
,D114213020019,川崎市,131川崎市川崎区,川崎,（福祉）,95,21,74,8,27,7,26,6,21,,3,1,1,1
,D114213020028,川崎市,132川崎市幸区,幸,（普通）,350,180,170,55,63,53,62,72,45,,9,3,3,3
,D114213020028,川崎市,132川崎市幸区,幸,（商業）,351,162,189,47,71,55,63,60,55,,9,3,3,3
,D114213020037,川崎市,132川崎市幸区,川崎総合科学,（工業）,577,420,157,140,54,135,53,145,50,,15,5,5,5
,D114213020037,川崎市,132川崎市幸区,川崎総合科学,（理数）,116,87,29,33,5,28,11,26,13,,3,1,1,1
,D114213020046,川崎市,133川崎市中原区,橘,（普通）,587,297,290,109,89,96,103,92,98,,15,5,5,5
,D114213020046,川崎市,133川崎市中原区,橘,（体育）,115,74,41,25,14,26,11,23,16,,3,1,1,1
,D114213020046,川崎市,133川崎市中原区,橘,（国際）,116,27,89,9,30,8,30,10,29,,3,1,1,1
,D114213020055,川崎市,134川崎市高津区,高津,（普通）,825,373,452,122,156,125,149,126,147,,21,7,7,7
,D114220120013,横須賀市,201横須賀市,横須賀総合,（総合）,955,436,519,154,166,149,170,133,183,,24,8,8,8
,（注１）県立神奈川総合高等学校の学級数（普通）について、各学年のうち５学級は（舞台芸術）との学科混成学級です。
,（注２）県立商工高等学校の学級数について、１学年計８学級は学科混成学級です。※便宜上、学科ごとに計上しています。
,（注３）県立相模原弥栄高等学校の学級数について、１学年及び２学年の各９学級は学科混成学級です。※便宜上、学科ごとに計上しています。
,（注４）県立吉田島高等学校の学級数について、１学年計３学級は学科混成学級です。※便宜上、学科ごとに計上しています。
,,
,,
