高等学校（全日制の生徒数、学級数、教員数、職員数）,,,,,,,,,,,,,,,,,,,,,,,,,,,,,,,,高等学校（定時制の生徒数、学級数、教員数、職員数、住所等）,,,,,,,,,,,,,,,,,,,,,,,,,,,,,,,,,,
学校 番号,所在地 区市町村,学校名,全日制,,,,,,,,,,,,定時制等,,,,,,,,,,,,,,郵便番号,住所,電話番号,学校名(フリガナ),,,,,,,,,,,,,,,,,,,,,,,,,,,,,,,,,,
,,,学科,,生徒数,,,,学級数,,,,教員数,職員数,学科,,生徒数,,,,,学級数,,,,,教員数,職員数,,,,,,,,,,,,,,,,,,,,,,,,,,,,,,,,,,,,,,
,,,大,小学科名,計,１学年,２学年,３学年,計,１学年,２学年,３学年,,,大,小学科名,計,１学年,２学年,３学年,４学年,計,１学年,２学年,３学年,４学年,,,,,,,,,,,,,,,,,,,,,,,,,,,,,,,,,,,,,,,,
401010,千代田区,一橋,-,-,0,0,0,0,0,0,0,0,0,0,普,普通科１部（単位制）,274,87,81,87,19,12,3,3,3,3,65,6,101-0031,東神田1-12-13,03-3862-6061,ヒトツバシ,,,,,,,,,,,,,,,,,,,,,,,,,,,,,,,,,,
,,,-,-,0,0,0,0,0,0,0,0,0,0,普,普通科２部（単位制）,283,90,80,80,33,12,3,3,3,3,0,0,,,,,,,,,,,,,,,,,,,,,,,,,,,,,,,,,,,,,,
,,,-,-,0,0,0,0,0,0,0,0,0,0,普,普通科３部（単位制）,141,34,51,47,9,8,2,2,2,2,0,0,,,,,,,,,,,,,,,,,,,,,,,,,,,,,,,,,,,,,,
,,,-,-,0,0,0,0,0,0,0,0,0,0,通,通信制本科（普通科）,662,202,241,219,0,14,4,5,5,0,17,2,,,,,,,,,,,,,,,,,,,,,,,,,,,,,,,,,,,,,,
,,,-,-,0,0,0,0,0,0,0,0,0,0,通,通信制併修,0,0,0,0,0,0,0,0,0,0,0,0,,,,,,,,,,,,,,,,,,,,,,,,,,,,,,,,,,,,,,
401020,千代田区,日比谷,普,普通科,965,330,318,317,24,8,8,8,54,5,-,-,0,0,0,0,0,0,0,0,0,0,0,0,100-0014,永田町2-16-1,03-3581-0808,ヒビヤ,,,,,,,,,,,,,,,,,,,,,,,,,,,,,,,,,,
401040,港区,三田,普,普通科,864,275,283,306,22,7,7,8,52,5,-,-,0,0,0,0,0,0,0,0,0,0,0,0,108-0073,三田1-4-46,03-3453-1991,ミタ,,,,,,,,,,,,,,,,,,,,,,,,,,,,,,,,,,
401210,品川区,大崎,普,普通科,820,277,277,266,21,7,7,7,47,5,普,普通科,31,13,11,4,3,4,1,1,1,1,9,1,142-0042,豊町2-1-7,03-3786-3355,オオサキ,,,,,,,,,,,,,,,,,,,,,,,,,,,,,,,,,,
401220,品川区,八潮,普,普通科,569,186,205,178,18,6,6,6,47,5,-,-,0,0,0,0,0,0,0,0,0,0,0,0,140-0002,東品川3-27-22,03-3471-7384,ヤシオ,,,,,,,,,,,,,,,,,,,,,,,,,,,,,,,,,,
401230,品川区,小山台,普,普通科,955,319,320,316,24,8,8,8,56,6,普,普通科,31,6,6,12,7,4,1,1,1,1,9,1,142-0062,小山3-3-32,03-3714-8155,コヤマダイ,,,,,,,,,,,,,,,,,,,,,,,,,,,,,,,,,,
401240,大田区,雪谷,普,普通科,825,280,273,272,21,7,7,7,49,4,-,-,0,0,0,0,0,0,0,0,0,0,0,0,146-0085,久が原1-14-1,03-3753-0115,ユキガヤ,,,,,,,,,,,,,,,,,,,,,,,,,,,,,,,,,,
401250,大田区,大森,普,普通科,260,89,86,85,14,4,5,5,37,4,普,普通科,23,7,10,1,5,4,1,1,1,1,9,0,144-0051,西蒲田2-2-1,03-3753-3161,オオモリ,,,,,,,,,,,,,,,,,,,,,,,,,,,,,,,,,,
401260,大田区,田園調布,普,普通科,692,240,237,215,18,6,6,6,42,5,-,-,0,0,0,0,0,0,0,0,0,0,0,0,145-0076,田園調布南27-1,03-3750-4346,デンエンチョウフ,,
401290,大田区,蒲田,普,普通科,410,140,132,138,12,4,4,4,40,4,-,-,0,0,0,0,0,0,0,0,0,0,0,0,144-0053,蒲田本町1-1-30,03-3737-1331,カマタ,,
401410,大田区,つばさ総合,総,総合学科,680,230,220,230,18,6,6,6,64,4,-,-,0,0,0,0,0,0,0,0,0,0,0,0,144-8533,本羽田3-11-5,03-5737-0151,ツバサソウゴウ,,
401420,港区,六本木,-,-,0,0,0,0,0,0,0,0,0,0,総,総合学科１部,199,56,63,59,21,8,2,2,2,2,56,4,106-0032,六本木6-16-36,03-5411-7327,ロッポンギ,,
,,,-,-,0,0,0,0,0,0,0,0,0,0,総,総合学科２部,208,56,63,60,29,8,2,2,2,2,0,0,,,,,,
,,,-,-,0,0,0,0,0,0,0,0,0,0,総,総合学科３部,206,58,57,54,37,8,2,2,2,2,0,0,,,,,,
401510,大田区,六郷工科,工,オートモビル工学科（単位制）,56,0,31,25,2,0,1,1,69,5,普,普通科（単位制）,29,10,6,7,6,4,1,1,1,1,20,1,144-8506,東六郷2-18-2,03-3737-6565,ロクゴウコウカ,,
,,,工,デザイン工学科（単位制）,57,0,32,25,2,0,1,1,0,0,工,生産工学科（単位制）,12,3,3,2,4,4,1,1,1,1,0,0,,,,,,
,,,工,システム工学科（単位制）,55,0,32,23,2,0,1,1,0,0,-,-,0,0,0,0,0,0,0,0,0,0,0,0,,,,,,
,,,工,プロダクト工学科（単位制）,40,0,28,12,2,0,1,1,0,0,-,-,0,0,0,0,0,0,0,0,0,0,0,0,,,,,,
,,,工,デュアルシステム科（単位制）,19,0,12,7,2,0,1,1,0,0,-,-,0,0,0,0,0,0,0,0,0,0,0,0,,,,,,
,,,工,ものづくり工学科（単位制）,147,147,0,0,5,5,0,0,0,0,-,-,0,0,0,0,0,0,0,0,0,0,0,0,,,,,,
401520,大田区,美原,普,普通科（単位制）,545,186,181,178,15,5,5,5,43,5,-,-,0,0,0,0,0,0,0,0,0,0,0,0,143-0012,大森東1-33-1,03-3764-3883,ミハラ,,
401610,港区,芝商業,商,ビジネス科,500,177,169,154,15,5,5,5,39,6,-,-,0,0,0,0,0,0,0,0,0,0,0,0,105-0022,海岸1-8-25,03-3431-0760,シバショウギョウ,,
401620,大田区,大田桜台,商,ビジネスコミュニケーション科,409,146,151,112,15,5,5,5,41,4,-,-,0,0,0,0,0,0,0,0,0,0,0,0,143-0027,中馬込3-11-10,03-6303-7980,オオタサクラダイ,,
402010,新宿区,戸山,普,普通科,951,324,321,306,24,8,8,8,59,5,-,-,0,0,0,0,0,0,0,0,0,0,0,0,162-0052,戸山3-19-1,03-3202-4301,トヤマ,,
402030,目黒区,駒場,普,普通科,903,278,317,308,23,7,8,8,59,5,-,-,0,0,0,0,0,0,0,0,0,0,0,0,153-0044,大橋2-18-1,03-3466-2481,コマバ,,
,,,他,保健体育科,123,42,42,39,3,1,1,1,0,0,-,-,0,0,0,0,0,0,0,0,0,0,0,0,,,,,,
402040,目黒区,目黒,普,普通科,702,240,233,229,18,6,6,6,40,4,-,-,0,0,0,0,0,0,0,0,0,0,0,0,153-0052,祐天寺2-7-15,03-3792-5541,メグロ,,
402060,新宿区,新宿,普,普通科（単位制）,961,320,325,316,24,8,8,8,65,7,-,-,0,0,0,0,0,0,0,0,0,0,0,0,160-0014,内藤町11-4,03-3354-7411,シンジュク,,
402070,渋谷区,青山,普,普通科,838,283,278,277,21,7,7,7,51,4,-,-,0,0,0,0,0,0,0,0,0,0,0,0,150-0001,神宮前2-1-8,03-3404-7801,アオヤマ,,
402080,渋谷区,広尾,普,普通科,628,238,197,193,16,6,5,5,43,4,-,-,0,0,0,0,0,0,0,0,0,0,0,0,150-0011,東4-14-14,03-3400-1761,ヒロオ,,
402210,世田谷区,松原,普,普通科,611,194,186,231,16,5,5,6,38,4,普,普通科,29,6,8,11,4,4,1,1,1,1,9,0,156-0045,桜上水4-3-5,03-3303-5381,マツバラ,,
402220,世田谷区,桜町,普,普通科,904,318,293,293,24,8,8,8,54,5,普,普通科,20,5,8,2,5,4,1,1,1,1,9,0,158-0097,用賀2-4-1,03-3700-4330,サクラマチ,,
402250,世田谷区,千歳丘,普,普通科,771,279,253,239,21,7,7,7,47,4,-,-,0,0,0,0,0,0,0,0,0,0,0,0,156-0055,船橋3-18-1,03-3429-7271,チトセガオカ,,
402270,世田谷区,深沢,普,普通科,472,176,155,141,15,5,5,5,43,4,-,-,0,0,0,0,0,0,0,0,0,0,0,0,158-0081,深沢7-3-14,03-3702-4145,フカサワ,,
402410,世田谷区,世田谷泉,-,-,0,0,0,0,0,0,0,0,0,0,総,総合学科１部,200,57,57,60,26,8,2,2,2,2,57,5,157-0061,北烏山9-22-1,03-3300-6131,セタガヤイズミ,,
,,,-,-,0,0,0,0,0,0,0,0,0,0,総,総合学科２部,207,57,56,59,35,8,2,2,2,2,0,0,,,,,,
,,,-,-,0,0,0,0,0,0,0,0,0,0,総,総合学科３部,197,55,56,47,39,8,2,2,2,2,0,0,,,,,,
402420,世田谷区,世田谷総合,総,総合学科,678,238,222,218,18,6,6,6,53,4,-,-,0,0,0,0,0,0,0,0,0,0,0,0,157-0076,岡本2-9-1,03-3700-4771,セタガヤソウゴウ,,
402520,新宿区,新宿山吹,-,-,0,0,0,0,0,0,0,0,0,0,普,普通科１部（単位制）,110,38,39,25,8,4,1,1,1,1,67,7,162-8612,山吹町81,03-5261-9771,シンジュクヤマブキ,,
,,,-,-,0,0,0,0,0,0,0,0,0,0,普,普通科２部（単位制）,120,37,39,31,13,4,1,1,1,1,0,0,,,,,,
,,,-,-,0,0,0,0,0,0,0,0,0,0,普,普通科３部（単位制）,122,38,38,29,17,4,1,1,1,1,0,0,,,,,,
,,,-,-,0,0,0,0,0,0,0,0,0,0,普,普通科４部（単位制）,78,22,22,18,16,4,1,1,1,1,0,0,,,,,,
,,,-,-,0,0,0,0,0,0,0,0,0,0,情,情報科２部（単位制）,182,55,52,53,22,4,1,1,1,1,0,0,,,,,,
,,,-,-,0,0,0,0,0,0,0,0,0,0,情,情報科４部（単位制）,59,18,16,15,10,4,1,1,1,1,0,0,,,,,,
,,,-,-,0,0,0,0,0,0,0,0,0,0,通,通信制本科（普通科）,380,154,112,58,56,11,3,3,3,2,11,1,,,,,,
,,,-,-,0,0,0,0,0,0,0,0,0,0,通,通信制併修,10,0,0,0,0,0,0,0,0,0,0,0,,,,,,
402530,世田谷区,芦花,普,普通科（単位制）,818,279,273,266,21,7,7,7,51,4,-,-,0,0,0,0,0,0,0,0,0,0,0,0,157-0063,粕谷3-8-1,03-5315-3322,ロカ,,
402620,渋谷区,第一商業,商,ビジネス科,547,194,190,163,18,6,6,6,45,4,-,-,0,0,0,0,0,0,0,0,0,0,0,0,150-0035,鉢山町8-1,03-3463-2606,ダイイチショウギョウ,,
402750,世田谷区,総合工科,工,機械・自動車科,95,34,30,31,3,1,1,1,53,4,工,総合技術科,17,5,5,5,2,4,1,1,1,1,13,1,157-0066,成城9-25-1,03-3483-0204,ソウゴウコウカ,,
,,,工,電気・情報デザイン科,126,42,51,33,6,2,2,2,0,0,-,-,0,0,0,0,0,0,0,0,0,0,0,0,,,,,,
,,,工,建築・都市工学科,118,49,39,30,6,2,2,2,0,0,-,-,0,0,0,0,0,0,0,0,0,0,0,0,,,,,,
402810,世田谷区,園芸,農,園芸科,204,71,70,63,6,2,2,2,47,7,農,園芸科,29,10,8,7,4,4,1,1,1,1,11,0,158-8566,深沢5-38-1,03-3705-2154,エンゲイ,,
,,,農,食品科,103,36,34,33,3,1,1,1,0,0,-,-,0,0,0,0,0,0,0,0,0,0,0,0,,,,,,
,,,農,動物科,106,36,36,34,3,1,1,1,0,0,-,-,0,0,0,0,0,0,0,0,0,0,0,0,,,,,,
402930,目黒区,国際,他,国際学科,716,237,239,240,18,6,6,6,68,6,-,-,0,0,0,0,0,0,0,0,0,0,0,0,153-0041,駒場2-19-59,03-3468-6811,コクサイ,,
402940,新宿区,総合芸術,他,美術科（単位制）,242,82,82,78,6,2,2,2,44,5,-,-,0,0,0,0,0,0,0,0,0,0,0,0,162-0067,富久町22-1,03-3354-5288,ソウゴウゲイジュツ,,
,,,他,音楽科（単位制）,117,42,42,33,3,1,1,1,0,0,-,-,0,0,0,0,0,0,0,0,0,0,0,0,,,,,,
,,,他,舞台表現科（単位制）,127,42,42,43,3,1,1,1,0,0,-,-,0,0,0,0,0,0,0,0,0,0,0,0,,,,,,
403010,中野区,鷺宮,普,普通科,805,277,269,259,21,7,7,7,48,6,-,-,0,0,0,0,0,0,0,0,0,0,0,0,165-0033,若宮3-46-8,03-3330-0101,サギノミヤ,,
403020,中野区,富士,普,普通科,418,157,151,110,11,4,4,3,34,3,-,-,0,0,0,0,0,0,0,0,0,0,0,0,164-0013,弥生町5-21-1,03-3382-0601,フジ,,
403030,中野区,武蔵丘,普,普通科,947,318,321,308,24,8,8,8,52,4,-,-,0,0,0,0,0,0,0,0,0,0,0,0,165-0031,上鷺宮2-14-1,03-3999-9308,ムサシガオカ,,
403040,杉並区,荻窪,-,-,0,0,0,0,0,0,0,0,0,0,普,普通科１部（単位制）,289,76,85,89,39,12,3,3,3,3,70,7,167-0051,荻窪5-7-20,03-3392-6436,オギクボ,,
,,,-,-,0,0,0,0,0,0,0,0,0,0,普,普通科２部（単位制）,279,74,78,81,46,12,3,3,3,3,0,0,,,,,,
,,,-,-,0,0,0,0,0,0,0,0,0,0,普,普通科３部（単位制）,111,17,36,35,23,8,2,2,2,2,0,0,,,,,,
403050,杉並区,西,普,普通科,952,318,325,309,24,8,8,8,56,4,-,-,0,0,0,0,0,0,0,0,0,0,0,0,168-0081,宮前4-21-32,03-3333-7771,ニシ,,
403060,杉並区,豊多摩,普,普通科,949,323,306,320,24,8,8,8,52,6,-,-,0,0,0,0,0,0,0,0,0,0,0,0,166-0016,成田西2-6-18,03-3393-1331,トヨタマ,,
403070,杉並区,杉並,普,普通科,937,317,316,304,24,8,8,8,53,6,-,-,0,0,0,0,0,0,0,0,0,0,0,0,166-0016,成田西4-15-15,03-3391-6530,スギナミ,,
403210,練馬区,石神井,普,普通科,871,278,278,315,22,7,7,8,48,4,-,-,0,0,0,0,0,0,0,0,0,0,0,0,177-0051,関町北4-32-48,03-3929-0831,シャクジイ,,
403220,練馬区,井草,普,普通科,859,279,274,306,22,7,7,8,50,5,-,-,0,0,0,0,0,0,0,0,0,0,0,0,177-0044,上石神井2-2-43,03-3920-0319,イグサ,,
403230,練馬区,大泉,普,普通科,366,156,110,100,10,4,3,3,30,3,-,-,0,0,0,0,0,0,0,0,0,0,0,0,178-0063,東大泉5-3-1,03-3924-0318,オオイズミ,,
403240,練馬区,練馬,普,普通科,676,238,224,214,18,6,6,6,43,5,-,-,0,0,0,0,0,0,0,0,0,0,0,0,179-8908,春日町4-28-25,03-3990-8643,ネリマ,,
403250,練馬区,光丘,普,普通科,607,204,212,191,18,6,6,6,42,5,-,-,0,0,0,0,0,0,0,0,0,0,0,0,179-0071,旭町2-1-35,03-3977-1501,ヒカリガオカ,,
403280,練馬区,田柄,普,普通科,442,160,165,117,15,5,5,5,47,4,-,-,0,0,0,0,0,0,0,0,0,0,0,0,179-0072,光が丘2-3-1,03-3977-2555,タガラ,,
403410,杉並区,杉並総合,総,総合学科,696,237,231,228,18,6,6,6,50,4,-,-,0,0,0,0,0,0,0,0,0,0,0,0,168-0073,下高井戸5-17-1,03-3303-1003,スギナミソウゴウ,,
403420,中野区,稔ヶ丘,-,-,0,0,0,0,0,0,0,0,0,0,総,総合学科１部,274,86,84,78,26,12,3,3,3,3,69,6,165-0031,上鷺宮5-11-1,03-3990-4226,ミノリガオカ,,
,,,-,-,0,0,0,0,0,0,0,0,0,0,総,総合学科２部,286,88,82,79,37,12,3,3,3,3,0,0,,,,,,
,,,-,-,0,0,0,0,0,0,0,0,0,0,総,総合学科３部,199,58,55,52,34,8,2,2,2,2,0,0,,,,,,
403510,練馬区,大泉桜,普,普通科（単位制）,564,196,194,174,15,5,5,5,44,5,-,-,0,0,0,0,0,0,0,0,0,0,0,0,178-0062,大泉町3-5-7,03-3978-1180,オオイズミサクラ,,
403630,練馬区,第四商業,商,ビジネス科,459,155,151,153,15,5,5,5,39,4,-,-,0,0,0,0,0,0,0,0,0,0,0,0,176-0021,貫井3-45-19,03-3990-4221,ダイヨンショウギョウ,,
403710,中野区,中野工科,工,キャリア技術科,95,0,0,95,4,0,0,4,50,4,工,総合技術科,16,2,7,6,1,4,1,1,1,1,18,0,165-0027,野方3-5-5,03-3385-7445,ナカノコウカ,,
,,,工,食品サイエンス科,235,123,112,0,8,4,4,0,0,0,-,-,0,0,0,0,0,0,0,0,0,0,0,0,,,,,,
403720,杉並区,杉並工科,工,機械科,20,0,0,20,2,0,0,2,44,4,-,-,0,0,0,0,0,0,0,0,0,0,0,0,167-0023,上井草4-13-31,03-3394-2471,スギナミコウカ,,
,,,工,電子科,25,0,0,25,1,0,0,1,0,0,-,-,0,0,0,0,0,0,0,0,0,0,0,0,,,,,,
,,,工,理工環境科,17,0,0,17,1,0,0,1,0,0,-,-,0,0,0,0,0,0,0,0,0,0,0,0,,,,,,
,,,工,ＩＴ・環境科,123,57,66,0,8,4,4,0,0,0,-,-,0,0,0,0,0,0,0,0,0,0,0,0,,,,,,
403730,練馬区,練馬工科,工,キャリア技術科,418,130,157,131,15,5,5,5,57,4,-,-,0,0,0,0,0,0,0,0,0,0,0,0,179-8909,早宮2-9-18,03-3932-9251,ネリマコウカ,,
403810,杉並区,農芸,農,園芸科学科,108,36,37,35,3,1,1,1,47,7,農,農芸科,20,6,5,5,4,4,1,1,1,1,13,1,167-0035,今川3-25-1,03-3399-0191,ノウゲイ,,
,,,農,緑地環境科,95,35,34,26,3,1,1,1,0,0,-,-,0,0,0,0,0,0,0,0,0,0,0,0,,,,,,
,,,農,食品科学科,198,71,62,65,6,2,2,2,0,0,-,-,0,0,0,0,0,0,0,0,0,0,0,0,,,,,,
404010,文京区,竹早,普,普通科,738,274,238,226,19,7,6,6,45,4,-,-,0,0,0,0,0,0,0,0,0,0,0,0,112-0002,小石川4-2-1,03-3811-6961,タケハヤ,,
404020,文京区,向丘,普,普通科,863,277,277,309,22,7,7,8,52,4,-,-,0,0,0,0,0,0,0,0,0,0,0,0,113-0023,向丘1-11-18,03-3811-2022,ムコウガオカ,,
404040,豊島区,豊島,普,普通科,945,318,315,312,24,8,8,8,54,5,普,普通科,41,17,12,6,6,4,1,1,1,1,8,0,171-0044,千早4-9-21,03-3958-0121,トシマ,,
404050,豊島区,文京,普,普通科,1043,357,349,337,27,9,9,9,65,4,-,-,0,0,0,0,0,0,0,0,0,0,0,0,170-0001,西巣鴨1-1-5,03-3910-8231,ブンキョウ,,
404210,板橋区,北園,普,普通科,951,319,322,310,24,8,8,8,54,4,-,-,0,0,0,0,0,0,0,0,0,0,0,0,173-0004,板橋4-14-1,03-3962-7885,キタゾノ,,
404220,板橋区,板橋,普,普通科,860,280,278,302,22,7,7,8,46,5,-,-,0,0,0,0,0,0,0,0,0,0,0,0,173-0035,大谷口1-54-1,03-3973-3150,イタバシ,,
404250,板橋区,大山,普,普通科,478,152,160,166,17,5,6,6,44,4,普,普通科,25,6,6,4,9,4,1,1,1,1,9,1,173-0037,小茂根5-18-1,03-3958-2121,オオヤマ,,
404260,板橋区,高島,普,普通科,934,318,312,304,24,8,8,8,52,4,-,-,0,0,0,0,0,0,0,0,0,0,0,0,175-0082,高島平3-7-1,03-3938-3125,タカシマ,,
404410,北区,桐ヶ丘,-,-,0,0,0,0,0,0,0,0,0,0,総,総合学科１部,201,56,58,57,30,8,2,2,2,2,56,4,115-0052,赤羽北3-5-22,03-3906-2173,キリガオカ,,
,,,-,-,0,0,0,0,0,0,0,0,0,0,総,総合学科２部,215,56,57,57,45,8,2,2,2,2,0,0,,,,,,
,,,-,-,0,0,0,0,0,0,0,0,0,0,総,総合学科３部,184,60,50,37,37,8,2,2,2,2,0,0,,,,,,
404420,北区,王子総合,総,総合学科,691,237,235,219,18,6,6,6,53,4,-,-,0,0,0,0,0,0,0,0,0,0,0,0,114-0023,滝野川3－54－7,03-3576-0602,オウジソウゴウ,,
404510,北区,飛鳥,普,普通科（単位制）,690,233,230,227,18,6,6,6,46,5,普,普通科（単位制）,87,16,39,29,3,7,2,2,2,1,18,2,114-8561,王子6-8-8,03-3913-5071,アスカ,,
404520,板橋区,板橋有徳,普,普通科（単位制）,557,194,188,175,15,5,5,5,42,4,普,普通科（単位制）,46,6,17,15,8,4,1,1,1,1,13,0,175-0083,徳丸2-17-1,03-3937-6911,イタバシユウトク,,
404640,豊島区,千早,商,ビジネスコミュニケーション科,607,213,200,194,18,6,6,6,53,4,-,-,0,0,0,0,0,0,0,0,0,0,0,0,171-0044,千早3-46-21,03-5964-1721,チハヤ,,
404710,文京区,工芸,工,マシンクラフト科,106,36,35,35,3,1,1,1,53,8,工,マシンクラフト科,56,11,18,12,15,4,1,1,1,1,42,0,113-0033,本郷1-3-9,03-3814-8755,コウゲイ,,
,,,工,インテリア科,105,35,34,36,3,1,1,1,0,0,工,インテリア科,59,16,25,9,9,4,1,1,1,1,0,0,,,,,,
,,,工,デザイン科,107,36,36,35,3,1,1,1,0,0,工,グラフィックアーツ科,101,31,27,22,21,4,1,1,1,1,0,0,,,,,,
,,,工,グラフィックアーツ科,106,36,35,35,3,1,1,1,0,0,工,アートクラフト科,75,29,22,10,14,4,1,1,1,1,0,0,,,,,,
,,,工,アートクラフト科,104,36,34,34,3,1,1,1,0,0,-,-,0,0,0,0,0,0,0,0,0,0,0,0,,,,,,
404730,板橋区,北豊島工科,工,総合技術科,86,0,0,86,4,0,0,4,42,4,工,機械科,19,5,2,9,3,4,1,1,1,1,14,0,174-0062,富士見町28-1,03-3963-4331,キタトシマコウカ,,
,,,工,都市防災技術科,171,94,77,0,8,4,4,0,0,0,-,-,0,0,0,0,0,0,0,0,0,0,0,0,,,,,,
404910,北区,赤羽北桜,家,調理科,103,36,34,33,3,1,1,1,51,5,-,-,0,0,0,0,0,0,0,0,0,0,0,0,115-0056,西が丘3-14-20,03-5948-4390,アカバネホクオウ,,
,,,家,保育・栄養科,325,108,106,111,12,4,4,4,0,0,-,-,0,0,0,0,0,0,0,0,0,0,0,0,,,,,,
,,,福,介護福祉科,79,34,18,27,3,1,1,1,0,0,-,-,0,0,0,0,0,0,0,0,0,0,0,0,,,,,,
405040,台東区,白鷗,普,普通科,432,154,146,132,12,4,4,4,37,5,-,-,0,0,0,0,0,0,0,0,0,0,0,0,111-0041,元浅草1-6-22,03-3843-5678,ハクオウ,,
405050,台東区,忍岡,普,普通科（単位制）,453,156,151,146,12,4,4,4,48,4,-,-,0,0,0,0,0,0,0,0,0,0,0,0,111-0053,浅草橋5-1-24,03-3863-3131,シノブガオカ,,
,,,家,生活科学科（単位制）,198,66,68,64,6,2,2,2,0,0,-,-,0,0,0,0,0,0,0,0,0,0,0,0,,,,,,
405060,台東区,上野,普,普通科,936,321,311,304,24,8,8,8,52,4,-,-,0,0,0,0,0,0,0,0,0,0,0,0,110-8717,上野公園10-14,03-3821-3706,ウエノ,,
405070,荒川区,竹台,普,普通科,754,235,268,251,20,6,7,7,47,5,-,-,0,0,0,0,0,0,0,0,0,0,0,0,116-0014,東日暮里5-14-1,03-3891-1515,タケノダイ,,
405210,足立区,足立,普,普通科,842,275,305,262,22,7,8,7,48,7,普,普通科,65,15,24,18,8,4,1,1,1,1,16,1,120-0011,中央本町1-3-9,03-3889-2204,アダチ,,
,,,-,-,0,0,0,0,0,0,0,0,0,0,商,商業科,39,9,14,10,6,4,1,1,1,1,0,0,,,,,,
405220,足立区,江北,普,普通科,933,316,311,306,24,8,8,8,56,4,-,-,0,0,0,0,0,0,0,0,0,0,0,0,120-0014,西綾瀬4-14-30,03-3880-3411,コウホク,,
405230,足立区,淵江,普,普通科,676,214,223,239,19,6,6,7,42,5,-,-,0,0,0,0,0,0,0,0,0,0,0,0,121-0063,東保木間2-10-1,03-3885-6971,フチエ,,
405240,足立区,足立西,普,普通科,570,196,192,182,15,5,5,5,38,4,-,-,0,0,0,0,0,0,0,0,0,0,0,0,123-0872,江北5-7-1,03-3898-7020,アダチニシ,,
405250,足立区,足立東,普,普通科,527,188,183,156,15,5,5,5,48,4,-,-,0,0,0,0,0,0,0,0,0,0,0,0,120-0001,大谷田2-3-5,03-3620-5991,アダチヒガシ,,
405260,足立区,青井,普,普通科,388,125,150,113,16,6,5,5,40,4,-,-,0,0,0,0,0,0,0,0,0,0,0,0,120-0012,青井1-7-35,03-3848-2781,アオイ,,
405270,足立区,足立新田,普,普通科,787,274,263,250,21,7,7,7,49,4,-,-,0,0,0,0,0,0,0,0,0,0,0,0,123-0865,新田2-10-16,03-3914-4211,アダチシンデン,,
405410,中央区,晴海総合,総,総合学科,819,277,277,265,21,7,7,7,57,4,-,-,0,0,0,0,0,0,0,0,0,0,0,0,104-0053,晴海1-2-1,03-3531-5021,ハルミソウゴウ,,
405420,足立区,小台橋,-,-,0,0,0,0,0,0,0,0,0,0,総,総合学科１部,375,115,113,106,41,16,4,4,4,4,72,5,120-8528,小台2-1-31,03-3913-1111,オダイバシ,,
,,,-,-,0,0,0,0,0,0,0,0,0,0,総,総合学科２部,344,116,120,66,42,14,4,4,3,3,0,0,,,,,,
,,,-,-,0,0,0,0,0,0,0,0,0,0,総,総合学科３部,93,30,29,23,11,4,1,1,1,1,0,0,,,,,,
405520,台東区,浅草,-,-,0,0,0,0,0,0,0,0,0,0,普,普通科１部（単位制）,256,80,88,82,6,12,3,3,3,3,67,6,111-0024,今戸1-8-13,03-3874-3182,アサクサ,,
,,,-,-,0,0,0,0,0,0,0,0,0,0,普,普通科２部（単位制）,263,86,87,73,17,12,3,3,3,3,0,0,,,,,,
,,,-,-,0,0,0,0,0,0,0,0,0,0,普,普通科３部（単位制）,106,45,35,24,2,8,2,2,2,2,0,0,,,,,,
405710,台東区,蔵前工科,工,機械科,165,47,66,52,6,2,2,2,53,5,工,建築工学科,11,2,3,2,4,4,1,1,1,1,14,0,111-0051,蔵前1-3-57,03-3862-4488,クラマエコウカ,,
,,,工,電気科,103,34,35,34,3,1,1,1,0,0,-,-,0,0,0,0,0,0,0,0,0,0,0,0,,,,,,
,,,工,建築科,94,33,33,28,3,1,1,1,0,0,-,-,0,0,0,0,0,0,0,0,0,0,0,0,,,,,,
,,,工,設備工業科,75,22,30,23,3,1,1,1,0,0,-,-,0,0,0,0,0,0,0,0,0,0,0,0,,,,,,
405720,荒川区,荒川工科,工,電気科,87,34,27,26,3,1,1,1,45,4,工,電気科,16,0,6,1,9,4,1,1,1,1,18,0,116-0003,南千住6-42-1,03-3802-1178,アラカワコウカ,,
,,,工,電子科,45,4,16,25,3,1,1,1,0,0,工,電子科,11,4,3,1,3,（併）,（併）,（併）,（併）,（併）,0,0,,,,,,
,,,工,情報技術科,116,45,27,44,6,2,2,2,0,0,-,-,0,0,0,0,0,0,0,0,0,0,0,0,,,,,,
405730,足立区,足立工科,工,総合技術科,272,121,99,52,12,4,4,4,39,5,-,-,0,0,0,0,0,0,0,0,0,0,0,0,123-0841,西新井4-30-1,03-3899-1196,アダチコウカ,,
406010,墨田区,両国,普,普通科,379,156,113,110,10,4,3,3,30,4,-,-,0,0,0,0,0,0,0,0,0,0,0,0,130-0022,江東橋1-7-14,03-3631-1815,リョウゴク,,
406020,墨田区,墨田川,普,普通科（単位制）,935,318,317,300,24,8,8,8,60,4,-,-,0,0,0,0,0,0,0,0,0,0,0,0,131-0032,東向島3-34-14,03-3611-2125,スミダガワ,,
406030,墨田区,本所,普,普通科,744,239,234,271,19,6,6,7,42,4,-,-,0,0,0,0,0,0,0,0,0,0,0,0,131-0033,向島3-37-25,03-3622-0344,ホンジョ,,
406040,葛飾区,葛飾野,普,普通科,939,318,314,307,24,8,8,8,51,4,-,-,0,0,0,0,0,0,0,0,0,0,0,0,125-0061,亀有1-7-1,03-3602-7131,カツシカノ,,
406050,葛飾区,南葛飾,普,普通科,686,235,232,219,18,6,6,6,46,5,普,普通科,69,12,19,24,14,4,1,1,1,1,9,0,124-0012,立石6-4-1,03-3691-8476,ミナミカツシカ,,
406070,墨田区,日本橋,普,普通科,734,238,230,266,19,6,6,7,42,4,-,-,0,0,0,0,0,0,0,0,0,0,0,0,131-0041,八広1-28-21,03-3617-1811,ニホンバシ,,
406210,江東区,深川,普,外国語コース,239,82,79,78,6,2,2,2,52,4,-,-,0,0,0,0,0,0,0,0,0,0,0,0,135-0016,東陽5-32-19,03-3649-2101,フカガワ,,
,,,普,普通科,713,241,237,235,18,6,6,6,0,0,-,-,0,0,0,0,0,0,0,0,0,0,0,0,,,,,,
406220,江東区,東,普,普通科,777,239,273,265,20,6,7,7,46,4,-,-,0,0,0,0,0,0,0,0,0,0,0,0,136-0074,東砂7-19-24,03-3644-7176,ヒガシ,,
406230,江東区,城東,普,普通科,989,316,360,313,25,8,9,8,59,4,-,-,0,0,0,0,0,0,0,0,0,0,0,0,136-0072,大島3-22-1,03-3637-3561,ジョウトウ,,
406240,江戸川区,小松川,普,普通科,955,323,319,313,24,8,8,8,59,4,-,-,0,0,0,0,0,0,0,0,0,0,0,0,132-0035,平井1-27-10,03-3685-1010,コマツガワ,,
406250,江戸川区,江戸川,普,普通科,989,319,316,354,25,8,8,9,56,5,普,普通科,85,18,21,19,27,4,1,1,1,1,9,1,132-0031,松島2-38-1,03-3651-0297,エドガワ,,
406260,江戸川区,小岩,普,普通科,1055,357,357,341,27,9,9,9,61,5,-,-,0,0,0,0,0,0,0,0,0,0,0,0,133-0044,本一色3-10-1,03-3651-2250,コイワ,,
406270,江戸川区,葛西南,普,普通科,524,168,184,172,18,6,6,6,43,4,普,普通科,64,16,16,13,19,4,1,1,1,1,11,0,134-8555,南葛西1-11-1,03-3687-4491,カサイミナミ,,
406280,江戸川区,篠崎,普,普通科,811,267,279,265,21,7,7,7,51,4,-,-,0,0,0,0,0,0,0,0,0,0,0,0,133-0063,東篠崎1-10-1,03-3678-9331,シノザキ,,
406290,江戸川区,紅葉川,普,普通科,733,237,233,263,19,6,6,7,43,4,-,-,0,0,0,0,0,0,0,0,0,0,0,0,134-8573,臨海町2-1-1,03-3878-3021,モミジガワ,,
406410,江東区,大江戸,-,-,0,0,0,0,0,0,0,0,0,0,総,総合学科１部,195,57,62,55,21,8,2,2,2,2,52,7,135-0015,千石3-2-11,03-5606-9500,オオエド,,
,,,-,-,0,0,0,0,0,0,0,0,0,0,総,総合学科２部,193,58,58,53,24,8,2,2,2,2,0,0,,,,,,
,,,-,-,0,0,0,0,0,0,0,0,0,0,総,総合学科３部,198,56,56,50,36,8,2,2,2,2,0,0,,,,,,
406420,葛飾区,葛飾総合,総,総合学科,566,196,188,182,15,5,5,5,50,5,-,-,0,0,0,0,0,0,0,0,0,0,0,0,125-0035,南水元4-21-1,03-3607-3878,カツシカソウゴウ,,
406620,葛飾区,葛飾商業,商,ビジネス科,597,210,193,194,18,6,6,6,45,5,普,普通科,18,7,3,6,2,4,1,1,1,1,16,1,125-0051,新宿3-14-1,03-3607-5178,カツシカショウギョウ,,
,,,-,-,0,0,0,0,0,0,0,0,0,0,商,商業科,29,5,15,7,2,4,1,1,1,1,0,0,,,,,,
406630,江東区,江東商業,商,ビジネス科,440,162,146,132,15,5,5,5,41,4,-,-,0,0,0,0,0,0,0,0,0,0,0,0,136-0071,亀戸4-50-1,03-3685-1711,コウトウショウギョウ,,
406640,江東区,第三商業,商,ビジネス科,475,166,169,140,15,5,5,5,41,4,商,商業科,26,4,7,7,8,4,1,1,1,1,11,0,135-0044,越中島3-3-1,03-3641-0380,ダイサンショウギョウ,,
406720,葛飾区,本所工科,-,-,0,0,0,0,0,0,0,0,0,0,工,総合技術科,19,5,4,5,5,4,1,1,1,1,16,0,125-0035,南水元4-21-1,03-3607-4500,ホンジョコウカ,,
406730,江東区,墨田工科,工,機械科,59,21,19,19,3,1,1,1,57,5,工,総合技術科,27,10,8,5,4,4,1,1,1,1,19,1,135-0004,森下5-1-7,03-3631-4928,スミダコウカ,,
,,,工,自動車科,97,35,33,29,3,1,1,1,0,0,-,-,0,0,0,0,0,0,0,0,0,0,0,0,,,,,,
,,,工,電気科,122,54,30,38,6,2,2,2,0,0,-,-,0,0,0,0,0,0,0,0,0,0,0,0,,,,,,
,,,工,建築科,69,31,15,23,3,1,1,1,0,0,-,-,0,0,0,0,0,0,0,0,0,0,0,0,,,,,,
406760,江戸川区,葛西工科,工,機械科,78,26,21,31,3,1,1,1,53,4,-,-,0,0,0,0,0,0,0,0,0,0,0,0,132-0024,一之江7-68-1,03-3653-4111,カサイコウカ,,
,,,工,電子科,92,33,34,25,3,1,1,1,0,0,-,-,0,0,0,0,0,0,0,0,0,0,0,0,,,,,,
,,,工,建築科,157,57,53,47,6,2,2,2,0,0,-,-,0,0,0,0,0,0,0,0,0,0,0,0,,,,,,
,,,工,デュアルシステム科,74,27,23,24,3,1,1,1,0,0,-,-,0,0,0,0,0,0,0,0,0,0,0,0,,,,,,
406780,江東区,科学技術,工,科学技術科,539,158,173,208,16,5,5,6,65,5,-,-,0,0,0,0,0,0,0,0,0,0,0,0,136-0072,大島1-2-31,03-5609-0227,カガクギジュツ,,
,,,他,創造理数科,82,42,40,0,2,1,1,0,0,0,-,-,0,0,0,0,0,0,0,0,0,0,0,0,,,,,,
406810,葛飾区,農産,農,園芸デザイン科,194,70,63,61,6,2,2,2,43,6,農,農産科,52,21,12,12,7,4,1,1,1,1,14,1,124-0002,西亀有1-28-1,03-3602-2865,ノウサン,,
,,,農,食品科,199,72,61,66,6,2,2,2,0,0,-,-,0,0,0,0,0,0,0,0,0,0,0,0,,,,,,
406910,墨田区,橘,他,産業科,542,211,170,161,18,6,6,6,64,4,他,産業科,32,9,5,15,3,4,1,1,1,1,14,0,131-0043,立花4-29-7,03-3617-8311,タチバナ,,
407020,八王子市,富士森,普,普通科,986,317,315,354,25,8,8,9,53,4,-,-,0,0,0,0,0,0,0,0,0,0,0,0,193-0824,長房町420-2,042-661-0444,フジモリ,,
407030,八王子市,片倉,普,造形美術コース,232,77,80,75,6,2,2,2,54,5,-,-,0,0,0,0,0,0,0,0,0,0,0,0,192-0914,片倉町1643,042-635-3621,カタクラ,,
,,,普,普通科,702,240,233,229,18,6,6,6,0,0,-,-,0,0,0,0,0,0,0,0,0,0,0,0,,,,,,
407040,八王子市,八王子東,普,普通科,939,322,312,305,24,8,8,8,59,4,-,-,0,0,0,0,0,0,0,0,0,0,0,0,192-8568,高倉町68-1,042-644-6996,ハチオウジヒガシ,,
407050,八王子市,八王子北,普,普通科,587,200,197,190,15,5,5,5,37,4,-,-,0,0,0,0,0,0,0,0,0,0,0,0,193-0803,楢原町601,042-626-3787,ハチオウジキタ,,
407070,八王子市,松が谷,普,外国語コース,239,81,80,78,6,2,2,2,55,5,-,-,0,0,0,0,0,0,0,0,0,0,0,0,192-0354,松が谷1772,042-676-1231,マツガヤ,,
,,,普,普通科,784,237,273,274,20,6,7,7,0,0,-,-,0,0,0,0,0,0,0,0,0,0,0,0,,,,,,
407080,日野市,日野,普,普通科,981,321,317,343,25,8,8,9,52,4,-,-,0,0,0,0,0,0,0,0,0,0,0,0,191-0021,石田1-190-1,042-581-7123,ヒノ,,
407090,日野市,日野台,普,普通科,941,315,314,312,24,8,8,8,54,4,-,-,0,0,0,0,0,0,0,0,0,0,0,0,191-0061,大坂上4-16-1,042-582-2511,ヒノダイ,,
407100,日野市,南平,普,普通科,943,320,316,307,24,8,8,8,52,4,-,-,0,0,0,0,0,0,0,0,0,0,0,0,191-0041,南平8-2-3,042-593-5121,ミナミダイラ,,
407210,町田市,町田,普,普通科,948,321,311,316,24,8,8,8,58,7,普,普通科,99,33,21,26,19,5,1,1,2,1,10,0,194-0021,中町4-25-3,042-722-2201,マチダ,,
407230,町田市,野津田,普,普通科,205,71,73,61,9,3,3,3,44,4,-,-,0,0,0,0,0,0,0,0,0,0,0,0,195-0063,野津田町2001,042-734-2311,ノヅタ,,
,,,福,福祉科,46,16,14,16,3,1,1,1,0,0,-,-,0,0,0,0,0,0,0,0,0,0,0,0,,,,,,
,,,他,体育科,85,32,24,29,3,1,1,1,0,0,-,-,0,0,0,0,0,0,0,0,0,0,0,0,,,,,,
407240,町田市,成瀬,普,普通科,818,279,273,266,21,7,7,7,48,4,-,-,0,0,0,0,0,0,0,0,0,0,0,0,194-0044,成瀬7-4-1,042-725-1533,ナルセ,,
407250,町田市,小川,普,普通科,936,318,311,307,24,8,8,8,51,5,-,-,0,0,0,0,0,0,0,0,0,0,0,0,194-0003,小川2-1002-1,042-796-9301,オガワ,,
407260,町田市,山崎,普,普通科,489,140,179,170,15,5,5,5,39,4,-,-,0,0,0,0,0,0,0,0,0,0,0,0,195-0074,山崎町1453-1,042-792-2891,ヤマサキ,,
407420,町田市,町田総合,総,総合学科,671,234,225,212,18,6,6,6,50,4,-,-,0,0,0,0,0,0,0,0,0,0,0,0,194-0037,木曽西3-5-1,042-791-7980,マチダソウゴウ,,
407510,八王子市,翔陽,普,普通科（単位制）,654,193,233,228,18,6,6,6,45,4,-,-,0,0,0,0,0,0,0,0,0,0,0,0,193-0944,館町1097-136,042-663-3318,ショウヨウ,,
407520,八王子市,八王子拓真,-,-,0,0,0,0,0,0,0,0,0,0,普,普通科１部（単位制）,376,126,120,114,16,16,4,4,4,4,81,5,193-0931,台町3-25-1,042-622-7563,ハチオウジタクシン,,
,,,-,-,0,0,0,0,0,0,0,0,0,0,普,普通科２部（単位制）,377,117,121,109,30,16,4,4,4,4,0,0,,,,,,
,,,-,-,0,0,0,0,0,0,0,0,0,0,普,普通科３部（単位制）,178,47,58,50,23,8,2,2,2,2,0,0,,,,,,
407720,町田市,町田工科,工,総合情報科,482,175,165,142,15,5,5,5,53,4,-,-,0,0,0,0,0,0,0,0,0,0,0,0,194-0035,忠生1-20-2,042-791-1035,マチダコウカ,,
407910,八王子市,八王子桑志,他,産業科(デザイン分野),205,70,71,64,6,2,2,2,59,4,-,-,0,0,0,0,0,0,0,0,0,0,0,0,193-0835,千人町4-8-1,042-663-5970,ハチオウジソウシ,,
,,,他,産業科(クラフト分野),98,36,35,27,3,1,1,1,0,0,-,-,0,0,0,0,0,0,0,0,0,0,0,0,,,,,,
,,,他,産業科(システム情報分野),102,34,35,33,3,1,1,1,0,0,-,-,0,0,0,0,0,0,0,0,0,0,0,0,,,,,,
,,,他,産業科(ビジネス情報分野),184,51,71,62,6,2,2,2,0,0,-,-,0,0,0,0,0,0,0,0,0,0,0,0,,,,,,
408010,立川市,立川,普,普通科,842,281,286,275,21,7,7,7,56,9,普,普通科,107,0,38,35,34,6,0,2,2,2,13,1,190-0022,錦町2-13-5,042-524-8195,タチカワ,,
,,,他,創造理数科,125,42,42,41,3,1,1,1,0,0,-,-,0,0,0,0,0,0,0,0,0,0,0,0,,,,,,
408030,立川市,砂川,-,-,0,0,0,0,0,0,0,0,0,0,普,普通科１部（単位制）,195,66,64,63,2,8,2,2,2,2,51,5,190-8583,泉町935-4,042-537-4611,スナガワ,,
,,,-,-,0,0,0,0,0,0,0,0,0,0,普,普通科２部（単位制）,177,66,51,58,2,8,2,2,2,2,0,0,,,,,,
,,,-,-,0,0,0,0,0,0,0,0,0,0,普,普通科３部（単位制）,97,44,27,24,2,5,2,1,1,1,0,0,,,,,,
,,,-,-,0,0,0,0,0,0,0,0,0,0,通,通信制本科（普通科）,622,169,202,140,111,14,4,4,3,3,16,2,,,,,,
,,,-,-,0,0,0,0,0,0,0,0,0,0,通,通信制併修,2,0,0,0,0,0,0,0,0,0,0,0,,,,,,
408040,昭島市,昭和,普,普通科,948,319,319,310,24,8,8,8,52,4,-,-,0,0,0,0,0,0,0,0,0,0,0,0,196-0033,東町2-3-21,042-541-0222,ショウワ,,
408050,昭島市,拝島,普,普通科,780,278,260,242,21,7,7,7,45,4,-,-,0,0,0,0,0,0,0,0,0,0,0,0,196-0002,拝島町4-13-1,042-543-1772,ハイジマ,,
408060,東大和市,東大和,普,普通科,822,277,273,272,21,7,7,7,46,4,-,-,0,0,0,0,0,0,0,0,0,0,0,0,207-0015,中央3-945,042-563-1741,ヒガシヤマト,,
408070,武蔵村山市,武蔵村山,普,普通科,809,279,267,263,21,7,7,7,43,5,-,-,0,0,0,0,0,0,0,0,0,0,0,0,208-0035,中原1-7-1,042-560-1271,ムサシムラヤマ,,
408090,東大和市,東大和南,普,普通科,830,279,277,274,21,7,7,7,49,5,-,-,0,0,0,0,0,0,0,0,0,0,0,0,207-0022,桜が丘3-44-8,042-565-7117,ヒガシヤマトミナミ,,
408210,青梅市,多摩,普,普通科,392,137,133,122,15,5,5,5,40,4,-,-,0,0,0,0,0,0,0,0,0,0,0,0,198-0088,裏宿町580,0428-23-2151,タマ,,
408230,福生市,福生,普,普通科,820,279,277,264,21,7,7,7,49,5,普,普通科,66,17,17,23,9,4,1,1,1,1,9,0,197-0005,北田園2-11-3,042-552-5601,フッサ,,
408240,あきる野市,秋留台,普,普通科,623,202,222,199,18,6,6,6,53,4,-,-,0,0,0,0,0,0,0,0,0,0,0,0,197-0812,平沢153-4,042-559-6821,アキルダイ,,
408250,羽村市,羽村,普,普通科,595,194,227,174,20,6,7,7,46,5,-,-,0,0,0,0,0,0,0,0,0,0,0,0,205-0012,羽4152-1,042-555-6631,ハムラ,,
408260,あきる野市,五日市,普,普通科,259,101,79,79,12,4,4,4,31,4,普,普通科,26,9,6,8,3,4,1,1,1,1,10,2,190-0164,五日市894,042-596-0176,イツカイチ,,
408420,青梅市,青梅総合,総,総合学科,689,237,230,222,18,6,6,6,57,5,総,総合学科,145,44,52,34,15,12,3,3,3,3,32,0,198-0041,勝沼1-60-1,0428-22-7604,オウメソウゴウ,,
408430,立川市,立川緑,-,-,0,0,0,0,0,0,0,0,0,0,総,総合学科１部,57,57,0,0,0,2,2,0,0,0,26,8,190-0022,錦町6-3-1,042-529-3080,タチカワミドリ,,
,,,-,-,0,0,0,0,0,0,0,0,0,0,総,総合学科２部,55,55,0,0,0,2,2,0,0,0,0,0,,,,,,
,,,-,-,0,0,0,0,0,0,0,0,0,0,総,総合学科３部,59,59,0,0,0,2,2,0,0,0,0,0,,,,,,
408510,武蔵村山市,上水,普,普通科（単位制）,708,237,239,232,18,6,6,6,48,4,-,-,0,0,0,0,0,0,0,0,0,0,0,0,208-0013,大南4-62-1,042-590-4580,ジョウスイ,,
408710,福生市,多摩工科,工,機械科,186,70,64,52,6,2,2,2,53,5,-,-,0,0,0,0,0,0,0,0,0,0,0,0,197-0003,熊川215,042-551-3435,タマコウカ,,
,,,工,電気科,102,35,36,31,3,1,1,1,0,0,-,-,0,0,0,0,0,0,0,0,0,0,0,0,,,,,,
,,,工,環境化学科,88,31,32,25,3,1,1,1,0,0,-,-,0,0,0,0,0,0,0,0,0,0,0,0,,,,,,
,,,工,デュアルシステム科,79,31,32,16,3,1,1,1,0,0,-,-,0,0,0,0,0,0,0,0,0,0,0,0,,,,,,
408820,瑞穂町,瑞穂農芸,農,園芸科学科,101,37,31,33,3,1,1,1,57,7,普,普通科,14,8,3,2,1,4,1,1,1,1,12,1,190-1211,石畑2027,042-557-0142,ミズホノウゲイ,,
,,,農,畜産科学科,105,36,34,35,3,1,1,1,0,0,農,農業科,25,8,6,6,5,（併）,（併）,（併）,（併）,（併）,0,0,,,,,,
,,,農,食品科,103,36,33,34,3,1,1,1,0,0,-,-,0,0,0,0,0,0,0,0,0,0,0,0,,,,,,
,,,家,生活デザイン科,192,71,56,65,6,2,2,2,0,0,-,-,0,0,0,0,0,0,0,0,0,0,0,0,,,,,,
409010,武蔵野市,武蔵,普,普通科,417,157,151,109,11,4,4,3,32,4,-,-,0,0,0,0,0,0,0,0,0,0,0,0,180-0022,境4-13-28,0422-51-4554,ムサシ,,
409020,武蔵野市,武蔵野北,普,普通科,714,239,239,236,18,6,6,6,38,4,-,-,0,0,0,0,0,0,0,0,0,0,0,0,180-0011,八幡町2-3-10,0422-55-2071,ムサシノキタ,,
409030,小金井市,小金井北,普,普通科,705,240,235,230,18,6,6,6,39,5,-,-,0,0,0,0,0,0,0,0,0,0,0,0,184-0003,緑町4-1-1,042-385-2611,コガネイキタ,,
409040,西東京市,保谷,普,普通科,954,320,316,318,24,8,8,8,53,4,-,-,0,0,0,0,0,0,0,0,0,0,0,0,202-0005,住吉町5-8-23,042-422-3223,ホウヤ,,
409060,東久留米市,久留米西,普,普通科,676,237,222,217,18,6,6,6,43,4,-,-,0,0,0,0,0,0,0,0,0,0,0,0,203-0041,野火止2-1-44,042-474-2661,クルメニシ,,
409070,西東京市,田無,普,普通科,930,318,307,305,24,8,8,8,48,4,-,-,0,0,0,0,0,0,0,0,0,0,0,0,188-0013,向台町5-4-34,042-463-8511,タナシ,,
409210,小平市,小平,普,外国語コース,245,81,78,86,6,2,2,2,52,6,-,-,0,0,0,0,0,0,0,0,0,0,0,0,187-0042,仲町112,042-341-5410,コダイラ,,
,,,普,普通科,631,198,239,194,16,5,6,5,0,0,-,-,0,0,0,0,0,0,0,0,0,0,0,0,,,,,,
409220,小平市,小平西,普,普通科,807,280,268,259,21,7,7,7,45,4,-,-,0,0,0,0,0,0,0,0,0,0,0,0,187-0032,小川町1-502-95,042-345-1411,コダイラニシ,,
409230,東村山市,東村山,普,普通科,559,199,178,182,15,5,5,5,54,4,-,-,0,0,0,0,0,0,0,0,0,0,0,0,189-0011,恩多町4-26-1,042-392-1235,ヒガシムラヤマ,,
409240,国分寺市,国分寺,普,普通科（単位制）,952,322,317,313,24,8,8,8,63,5,-,-,0,0,0,0,0,0,0,0,0,0,0,0,185-0004,新町3-2-5,042-323-3371,コクブンジ,,
409250,清瀬市,清瀬,普,普通科,868,279,280,309,22,7,7,8,49,5,-,-,0,0,0,0,0,0,0,0,0,0,0,0,204-0022,松山3-1-56,042-492-3500,キヨセ,,
409270,小平市,小平南,普,普通科,829,281,278,270,21,7,7,7,46,4,-,-,0,0,0,0,0,0,0,0,0,0,0,0,187-0022,上水本町6-21-1,042-325-9331,コダイラミナミ,,
409280,東村山市,東村山西,普,普通科,626,233,203,190,18,6,6,6,41,4,-,-,0,0,0,0,0,0,0,0,0,0,0,0,189-0024,富士見町5-4-41,042-395-9121,ヒガシムラヤマニシ,,
409410,東久留米市,東久留米総合,総,総合学科,696,238,231,227,18,6,6,6,50,5,総,総合学科,96,34,29,17,16,8,2,2,2,2,16,1,203-0052,幸町5-8-46,042-471-2510,ヒガシクルメソウゴウ,,
409710,小金井市,小金井工科,-,-,0,0,0,0,0,0,0,0,0,0,工,機械科,25,4,5,6,10,4,1,1,1,1,22,2,184-8581,本町6-8-9,042-381-4141,コガネイコウカ,,
,,,-,-,0,0,0,0,0,0,0,0,0,0,工,電気科,12,3,3,2,4,4,1,1,1,1,0,0,,,,,,
,,,-,-,0,0,0,0,0,0,0,0,0,0,工,電子科,17,5,4,5,3,（併）,（併）,（併）,（併）,（併）,0,0,,,,,,
409720,西東京市,田無工科,工,機械科,157,66,46,45,6,2,2,2,52,4,-,-,0,0,0,0,0,0,0,0,0,0,0,0,188-0013,向台町1-9-1,042-464-2225,タナシコウカ,,
,,,工,建築科,181,64,61,56,6,2,2,2,0,0,-,-,0,0,0,0,0,0,0,0,0,0,0,0,,,,,,
,,,工,都市工学科,81,34,22,25,3,1,1,1,0,0,-,-,0,0,0,0,0,0,0,0,0,0,0,0,,,,,,
409730,小金井市,多摩科学技術,工,科学技術科,634,214,207,213,18,6,6,6,61,4,-,-,0,0,0,0,0,0,0,0,0,0,0,0,184-8581,本町6-8-9,042-381-4164,タマカガクギジュツ,,
410020,調布市,神代,普,普通科,944,321,313,310,24,8,8,8,50,6,普,普通科,59,25,20,9,5,4,1,1,1,1,9,0,182-0003,若葉町1-46-1,03-3300-8261,ジンダイ,,
410030,調布市,調布北,普,普通科,709,239,240,230,18,6,6,6,41,5,-,-,0,0,0,0,0,0,0,0,0,0,0,0,182-0011,深大寺北町5-39-1,042-487-1860,チョウフキタ,,
410040,調布市,調布南,普,普通科,710,238,236,236,18,6,6,6,42,4,-,-,0,0,0,0,0,0,0,0,0,0,0,0,182-0025,多摩川6-2-1,042-483-0765,チョウフミナミ,,
410050,狛江市,狛江,普,普通科,995,322,355,318,25,8,9,8,56,4,-,-,0,0,0,0,0,0,0,0,0,0,0,0,201-8501,元和泉3-9-1,03-3489-2241,コマエ,,
410210,府中市,府中,普,普通科,863,319,275,269,22,8,7,7,47,4,-,-,0,0,0,0,0,0,0,0,0,0,0,0,183-0051,栄町3-3-1,042-364-8411,フチュウ,,
410220,府中市,府中東,普,普通科,936,315,319,302,24,8,8,8,51,5,-,-,0,0,0,0,0,0,0,0,0,0,0,0,183-0012,押立町4-21,042-365-7611,フチュウヒガシ,,
410230,府中市,府中西,普,普通科,928,314,311,303,24,8,8,8,56,4,-,-,0,0,0,0,0,0,0,0,0,0,0,0,183-0036,日新町4-6-7,042-365-5933,フチュウニシ,,
410240,国立市,国立,普,普通科,952,318,315,319,24,8,8,8,56,5,-,-,0,0,0,0,0,0,0,0,0,0,0,0,186-0002,東4-25-1,042-575-0126,クニタチ,,
410250,多摩市,永山,普,普通科,895,313,304,278,24,8,8,8,53,4,-,-,0,0,0,0,0,0,0,0,0,0,0,0,206-0025,永山5-22,042-374-9891,ナガヤマ,,
410410,稲城市,若葉総合,総,総合学科,667,237,225,205,18,6,6,6,49,4,-,-,0,0,0,0,0,0,0,0,0,0,0,0,206-0822,坂浜1434-3,042-350-0300,ワカバソウゴウ,,
410610,国立市,第五商業,商,ビジネス科,612,211,205,196,18,6,6,6,46,4,商,商業科,36,16,8,7,5,4,1,1,1,1,11,0,186-0004,中3-4-1,042-572-0132,ダイゴショウギョウ,,
410710,府中市,府中工科,工,機械科,94,35,27,32,3,1,1,1,49,4,-,-,0,0,0,0,0,0,0,0,0,0,0,0,183-0005,若松町2-19-1,042-362-7237,フチュウコウカ,,
,,,工,電気科,179,61,62,56,6,2,2,2,0,0,-,-,0,0,0,0,0,0,0,0,0,0,0,0,,,,,,
,,,工,情報技術科,98,36,32,30,3,1,1,1,0,0,-,-,0,0,0,0,0,0,0,0,0,0,0,0,,,,,,
,,,工,工業技術科,100,35,33,32,3,1,1,1,0,0,-,-,0,0,0,0,0,0,0,0,0,0,0,0,,,,,,
410810,府中市,農業,農,都市園芸科,105,36,36,33,3,1,1,1,60,6,普,普通科,37,11,11,6,9,4,1,1,1,1,17,2,183-0056,寿町1-10-2,042-362-2211,ノウギョウ,,
,,,農,緑地計画科,101,36,35,30,3,1,1,1,0,0,農,食品化学科,28,10,7,7,4,4,1,1,1,1,0,0,,,,,,
,,,農,食品科学科,106,36,36,34,3,1,1,1,0,0,-,-,0,0,0,0,0,0,0,0,0,0,0,0,,,,,,
,,,家,服飾科,103,36,35,32,3,1,1,1,0,0,-,-,0,0,0,0,0,0,0,0,0,0,0,0,,,,,,
,,,家,食物科,105,35,35,35,3,1,1,1,0,0,-,-,0,0,0,0,0,0,0,0,0,0,0,0,,,,,,
411010,大島町,大島,普,普通科,86,29,23,34,6,2,2,2,34,9,普,普通科,7,2,2,1,2,4,1,1,1,1,9,0,100-0101,元町字八重の水127,04992-2-1431,オオシマ,,
,,,農,農林科,16,4,5,7,3,1,1,1,0,0,-,-,0,0,0,0,0,0,0,0,0,0,0,0,,,,,,,,,,,,,,,,,,,,,,
,,,家,家政科,12,4,3,5,（併）,（併）,（併）,（併）,0,0,-,-,0,0,0,0,0,0,0,0,0,0,0,0,,,,,,,,,,,,,,,,,,,,,,
411030,新島村,新島,普,普通科,36,18,8,10,3,1,1,1,15,5,-,-,0,0,0,0,0,0,0,0,0,0,0,0,100-0402,本村4-10-1,04992-5-0091,ニイジマ,,,,,,,,,,,,,,,,,,
411040,神津島村,神津,普,普通科,46,15,17,14,3,1,1,1,16,4,-,-,0,0,0,0,0,0,0,0,0,0,0,0,100-0601,神津島村1620,04992-8-0706,コウヅ,,,,,,,,,,,,,,,,,,
411910,大島町,大島海洋国際,水,海洋国際科,179,70,65,44,6,2,2,2,43,9,-,-,0,0,0,0,0,0,0,0,0,0,0,0,100-0211,差木地字下原996-1,04992-4-0385,オオシマカイヨウコクサイ,,,,,,,,,,,,,,,,,,
412010,三宅村,三宅,普,普通科,14,6,4,4,3,1,1,1,28,7,-,-,0,0,0,0,0,0,0,0,0,0,0,0,100-1211,坪田4586,04994-6-1136,ミヤケ,,,,,,,,,,,,,,,,,,
,,,農,農業科,5,2,1,2,3,1,1,1,0,0,-,-,0,0,0,0,0,0,0,0,0,0,0,0,,,,,,,,,,,,,,,,,,,,,,
,,,家,家政科,4,1,2,1,（併）,（併）,（併）,（併）,0,0,-,-,0,0,0,0,0,0,0,0,0,0,0,0,,,,,,,,,,,,,,,,,,,,,,
413010,八丈町,八丈,普,普通科,101,31,30,40,6,2,2,2,33,9,普,普通科,11,3,3,2,3,4,1,1,1,1,8,1,100-1401,大賀郷3020,04996-2-1181,ハチジョウ,,,,,,,,,,,,,,,,,,
,,,農,園芸科,6,1,3,2,3,1,1,1,0,0,-,-,0,0,0,0,0,0,0,0,0,0,0,0,,,,,,,,,,,,,,,,,,,,,,
,,,家,家政科,4,0,1,3,（併）,（併）,（併）,（併）,0,0,-,-,0,0,0,0,0,0,0,0,0,0,0,0,,,,,,,,,,,,,,,,,,,,,,
414010,小笠原村,小笠原,普,普通科,53,16,12,25,3,1,1,1,16,4,-,-,0,0,0,0,0,0,0,0,0,0,0,0,100-2101,父島字清瀬,04998-2-2346,オガサワラ,,,,,,,,,,,,,,,,,,
合計,,,,,114997,39124,38521,37352,3174,1052,1057,1065,8272,799,,,10357,3188,3084,2758,1327,563,145,140,140,138,1358,98,,,,,,,,,,,,,,,,,,,,,,
注)　合計は、通信制を除く。,,,,,,,,,,,,,,,,,,,,,,,,,,,,,,,,,,,,,,,,,,,,,,,,,,
,,,,,,,,,,,,,,,,,,,,,,,,,,,,,,,,,,,,,,,,,,,,,,,,,,
