category,municipality,school_name,course,capacity,applicants,examinees,ratio
普通科,千代田,日比谷,,253,520,420,1.66
普通科,港,三田,,236,343,301,1.28
普通科,新宿,戸山,,252,474,396,1.57
普通科,文京,竹早,,177,293,275,1.55
普通科,文京,向丘,,220,345,324,1.47
普通科,台東,上野,,252,471,442,1.75
普通科,墨田,日本橋,,189,204,194,1.03
普通科,墨田,本所,,189,273,265,1.40
普通科,江東,城東,,252,413,394,1.56
普通科,江東,東,,189,298,287,1.52
普通科,江東,深川,,185,265,231,1.25
普通科,品川,大崎,,221,349,298,1.35
普通科,品川,小山台,,252,412,385,1.53
普通科,品川,八潮,,188,131,113,0.60
普通科,目黒,駒場,,220,458,422,1.92
普通科,目黒,目黒,,189,395,323,1.71
普通科,大田,大森,,127,64,57,0.45
普通科,大田,蒲田,,109,99,95,0.87
普通科,大田,田園調布,,188,306,274,1.46
普通科,大田,雪谷,,221,359,325,1.47
普通科,世田谷,桜町,,252,286,255,1.01
普通科,世田谷,千歳丘,,221,287,273,1.24
普通科,世田谷,松原,,156,246,229,1.47
普通科,渋谷,青山,,221,455,401,1.81
普通科,渋谷,広尾,,154,280,224,1.45
普通科,中野,鷺宮,,220,403,378,1.72
普通科,中野,武蔵丘,,253,319,286,1.13
普通科,杉並,杉並,,253,357,319,1.26
普通科,杉並,豊多摩,,252,419,377,1.50
普通科,杉並,西,,252,383,326,1.29
普通科,豊島,豊島,,252,535,501,1.99
普通科,豊島,文京,,284,381,351,1.24
普通科,荒川,竹台,,171,238,229,1.34
普通科,板橋,板橋,,221,346,332,1.50
普通科,板橋,大山,,157,72,62,0.39
普通科,板橋,北園,,253,421,391,1.55
普通科,板橋,高島,,252,282,264,1.05
普通科,練馬,井草,,221,274,244,1.10
普通科,練馬,石神井,,252,417,383,1.52
普通科,練馬,田柄,,152,74,69,0.45
普通科,練馬,練馬,,189,213,202,1.07
普通科,練馬,光丘,,185,137,127,0.69
普通科,足立,青井,,164,67,66,0.40
普通科,足立,足立,,220,299,288,1.31
普通科,足立,足立新田,,222,231,223,1.00
普通科,足立,足立西,,156,162,161,1.03
普通科,足立,足立東,,138,117,116,0.84
普通科,足立,江北,,252,421,404,1.60
普通科,足立,淵江,,189,177,174,0.92
普通科,葛飾,葛飾野,,253,285,278,1.10
普通科,葛飾,南葛飾,,171,216,208,1.22
普通科,江戸川,江戸川,,253,393,378,1.49
普通科,江戸川,葛西南,,190,150,142,0.75
普通科,江戸川,小岩,,284,390,379,1.33
普通科,江戸川,小松川,,253,297,274,1.08
普通科,江戸川,篠崎,,222,198,187,0.84
普通科,江戸川,紅葉川,,189,226,217,1.15
普通科,八王子,片倉,,189,232,222,1.17
普通科,八王子,八王子北,,158,178,173,1.09
普通科,八王子,八王子東,,252,308,284,1.13
普通科,八王子,富士森,,249,320,310,1.24
普通科,八王子,松が谷,,188,265,256,1.36
普通科,立川,立川,,220,323,301,1.37
普通科,武蔵野,武蔵野北,,189,281,251,1.33
普通科,青梅,多摩,,163,52,52,0.32
普通科,府中,府中,,252,410,384,1.52
普通科,府中,府中西,,235,267,259,1.10
普通科,府中,府中東,,253,328,311,1.23
普通科,昭島,昭和,,252,472,456,1.81
普通科,昭島,拝島,,221,213,204,0.92
普通科,調布,神代,,252,424,387,1.54
普通科,調布,調布北,,188,326,287,1.53
普通科,調布,調布南,,189,281,244,1.29
普通科,町田,小川,,252,285,276,1.10
普通科,町田,成瀬,,221,269,250,1.13
普通科,町田,野津田,,95,36,33,0.35
普通科,町田,町田,,253,306,290,1.15
普通科,町田,山崎,,166,62,58,0.35
普通科,小金井,小金井北,,189,307,284,1.50
普通科,小平,小平,,157,235,222,1.41
普通科,小平,小平西,,222,256,246,1.11
普通科,小平,小平南,,221,317,304,1.38
普通科,日野,日野,,253,459,442,1.75
普通科,日野,日野台,,241,353,332,1.38
普通科,日野,南平,,253,329,306,1.21
普通科,東村山,東村山,,136,133,128,0.94
普通科,東村山,東村山西,,189,130,123,0.65
普通科,国立,国立,,252,330,295,1.17
普通科,福生,福生,,221,242,236,1.07
普通科,狛江,狛江,,253,425,377,1.49
普通科,東大和,東大和,,221,277,264,1.19
普通科,東大和,東大和南,,220,367,355,1.61
普通科,清瀬,清瀬,,220,264,251,1.14
普通科,東久留米,久留米西,,188,169,163,0.87
普通科,武蔵村山,武蔵村山,,221,227,221,1.00
普通科,多摩,永山,,246,234,226,0.92
普通科,羽村,羽村,,204,71,70,0.34
普通科,あきる野,秋留台,,166,151,146,0.88
普通科,あきる野,五日市,,129,53,51,0.40
普通科,西東京,田無,,252,299,285,1.13
普通科,西東京,保谷,,253,364,346,1.37
普通科,大島,大島,,80,27,27,0.34
普通科,新島,新島,,40,9,9,0.23
普通科,神津島,神津,,40,17,17,0.43
普通科,三宅,三宅,,40,2,2,0.05
普通科,八丈,八丈,,80,29,29,0.36
普通科,小笠原,小笠原,,30,16,16,0.53
普通科コース制,江東,深川,外国語,56,79,71,1.27
普通科コース制,八王子,片倉,造形美術,56,37,36,0.64
普通科コース制,八王子,松が谷,外国語,56,82,77,1.38
普通科コース制,小平,小平,外国語,56,81,70,1.25
普通科単位制,新宿,新宿,,284,629,558,1.96
普通科単位制,台東,忍岡,,124,134,127,1.02
普通科単位制,墨田,墨田川,,252,296,274,1.09
普通科単位制,大田,美原,,156,115,106,0.68
普通科単位制,世田谷,深沢,,130,82,72,0.55
普通科単位制,世田谷,芦花,,220,322,286,1.30
普通科単位制,北,飛鳥,,170,196,180,1.06
普通科単位制,板橋,板橋有徳,,156,155,147,0.94
普通科単位制,練馬,大泉桜,,156,150,140,0.90
普通科単位制,八王子,翔陽,,188,181,171,0.91
普通科単位制,国分寺,国分寺,,252,409,372,1.48
普通科単位制,武蔵村山,上水,,188,279,276,1.47
商業,港,芝商業,ビジネス,100,84,80,0.80
商業,江東,江東商業,ビジネス,105,93,87,0.83
商業,江東,第三商業,ビジネス,105,115,112,1.07
商業,渋谷,第一商業,ビジネス,131,68,54,0.41
商業,練馬,第四商業,ビジネス,105,85,82,0.78
商業,葛飾,葛飾商業,ビジネス,126,106,105,0.83
商業,国立,第五商業,ビジネス,126,166,164,1.30
ビジネスコミュニケーション科,大田,大田桜台,ビジネスコミュニケーション,105,87,80,0.76
ビジネスコミュニケーション科,豊島,千早,ビジネスコミュニケーション,126,140,131,1.04
工業,文京,工芸,マシンクラフト,25,36,34,1.36
工業,文京,工芸,アートクラフト,25,34,33,1.32
工業,文京,工芸,インテリア,25,49,45,1.80
工業,文京,工芸,デザイン,25,47,46,1.84
工業,文京,工芸,グラフィックアーツ,25,46,42,1.68
工業,台東,蔵前工科,機械,41,17,15,0.37
工業,台東,蔵前工科,電気,21,20,18,0.86
工業,台東,蔵前工科,建築,21,25,25,1.19
工業,台東,蔵前工科,設備工業,24,9,8,0.33
工業,江東,墨田工科,機械,21,9,9,0.43
工業,江東,墨田工科,自動車,21,27,26,1.24
工業,江東,墨田工科,電気,46,16,14,0.30
工業,江東,墨田工科,建築,26,13,12,0.46
工業,世田谷,総合工科,機械・自動車,21,14,14,0.67
工業,世田谷,総合工科,電気・情報デザイン,21,11,10,0.48
工業,世田谷,総合工科,建築・都市工学,46,18,17,0.37
工業,中野,中野工科,食品サイエンス,84,73,69,0.82
工業,杉並,杉並工科,IT・環境,111,36,30,0.27
工業,荒川,荒川工科,電気,23,12,10,0.43
工業,荒川,荒川工科,電子,25,4,4,0.16
工業,荒川,荒川工科,情報技術,64,14,13,0.20
工業,板橋,北豊島工科,都市防災技術,97,39,37,0.38
工業,練馬,練馬工科,キャリア技術,105,95,93,0.89
工業,足立,足立工科,総合技術,95,55,55,0.58
工業,江戸川,葛西工科,機械,21,17,15,0.71
工業,江戸川,葛西工科,電子,21,24,24,1.14
工業,江戸川,葛西工科,建築,49,28,28,0.57
工業,江戸川,葛西工科,デュアルシステム,31,19,19,0.61
工業,府中,府中工科,機械,21,27,27,1.29
工業,府中,府中工科,電気,43,27,26,0.60
工業,府中,府中工科,情報技術,21,28,28,1.33
工業,府中,府中工科,工業技術,21,19,17,0.81
工業,町田,町田工科,総合情報,108,53,49,0.45
工業,福生,多摩工科,機械,42,51,51,1.21
工業,福生,多摩工科,電気,21,18,18,0.86
工業,福生,多摩工科,環境化学,25,10,9,0.36
工業,福生,多摩工科,デュアルシステム,21,22,21,1.00
工業,西東京,田無工科,機械,48,36,36,0.75
工業,西東京,田無工科,建築,42,37,35,0.83
工業,西東京,田無工科,都市工学,21,12,12,0.57
工業,大田,六郷工科,ものづくり工学,96,72,64,0.67
科学技術科,江東,科学技術,科学技術,107,78,51,0.48
科学技術科,小金井,多摩科学技術,科学技術,147,209,153,1.04
農業,世田谷,園芸,園芸,49,45,41,0.84
農業,世田谷,園芸,食品,25,23,23,0.92
農業,世田谷,園芸,動物,25,52,52,2.08
農業,杉並,農芸,園芸科学,23,29,27,1.17
農業,杉並,農芸,食品科学,46,41,39,0.85
農業,杉並,農芸,緑地環境,23,19,16,0.70
農業,葛飾,農産,園芸デザイン,42,41,41,0.98
農業,葛飾,農産,食品,42,51,50,1.19
農業,府中,農業,都市園芸,21,40,38,1.81
農業,府中,農業,食品科学,21,19,18,0.86
農業,府中,農業,緑地計画,21,18,17,0.81
農業,瑞穂,瑞穂農芸,園芸科学,25,18,18,0.72
農業,瑞穂,瑞穂農芸,畜産科学,25,31,29,1.16
農業,瑞穂,瑞穂農芸,食品,25,23,22,0.88
水産,大島,大島海洋国際,海洋国際,42,57,54,1.29
家庭,北,赤羽北桜,保育・栄養,98,96,92,0.94
家庭,北,赤羽北桜,調理,25,40,38,1.52
家庭,府中,農業,服飾,25,25,25,1.00
家庭,府中,農業,食物,25,35,34,1.36
家庭,瑞穂,瑞穂農芸,生活デザイン,49,26,26,0.53
家庭,台東,忍岡,生活科学,49,54,53,1.08
福祉,北,赤羽北桜,介護福祉,25,27,25,1.00
福祉,町田,野津田,福祉,29,7,6,0.21
理数,江東,科学技術,創造理数,37,69,54,1.46
理数,立川,立川,創造理数,34,141,134,3.94
芸術,新宿,総合芸術,音楽,28,33,23,0.82
芸術,新宿,総合芸術,美術,56,111,110,1.96
芸術,新宿,総合芸術,舞台表現,28,38,38,1.36
体育,目黒,駒場,保健体育,28,34,32,1.14
体育,町田,野津田,体育,28,28,27,0.96
国際関係,目黒,国際,国際,98,199,158,1.61
併合科,大島,大島,農林・家政,35,10,10,0.29
併合科,三宅,三宅,農業・家政,35,3,3,0.09
併合科,八丈,八丈,園芸・家政,35,3,3,0.09
産業科,墨田,橘,産業,148,78,76,0.51
産業科,八王子,八王子桑志,デザイン分野,42,46,45,1.07
産業科,八王子,八王子桑志,クラフト分野,21,27,23,1.10
産業科,八王子,八王子桑志,システム情報分野,21,32,30,1.43
産業科,八王子,八王子桑志,ビジネス情報分野,42,44,44,1.05
総合学科,中央,晴海総合,総合,192,399,373,1.94
総合学科,大田,つばさ総合,総合,164,183,170,1.04
総合学科,世田谷,世田谷総合,総合,164,188,174,1.06
総合学科,杉並,杉並総合,総合,150,213,201,1.34
総合学科,北,王子総合,総合,164,175,170,1.04
総合学科,葛飾,葛飾総合,総合,136,141,138,1.01
総合学科,青梅,青梅総合,総合,164,165,160,0.98
総合学科,町田,町田総合,総合,164,165,164,1.00
総合学科,東久留米,東久留米総合,総合,164,217,215,1.31
総合学科,稲城,若葉総合,総合,164,138,131,0.80
