school_code,school_name,municipality,lat,lon,primary_station,primary_distance_m,primary_lines,source,access_stations,access_lines
401010,一橋,千代田区,35.695004,139.781219,馬喰町,213,東日本旅客鉄道 総武線,算出,馬喰町(213m);馬喰横山(357m);浅草橋(474m);東日本橋(487m);岩本町(539m);小伝馬町(560m);秋葉原(754m);新日本橋(923m);浜町(947m);神田(977m);人形町(986m);三越前(1218m);末広町(1220m);淡路町(1243m);両国(1288m);小川町(1307m);新御徒町(1330m);仲御徒町(1373m);水天宮前(1376m);蔵前(1409m);新御茶ノ水(1440m);御徒町(1477m);日本橋(1575m);御茶ノ水(1577m);上野広小路(1586m);上野御徒町(1626m);湯島(1657m);茅場町(1705m);森下(1710m);稲荷町(1825m);大手町(1837m);田原町(1851m);上野(1989m),東日本旅客鉄道 総武線;東京都 10号線新宿線;東京都 1号線浅草線;東京地下鉄 2号線日比谷線;首都圏新都市鉄道 常磐新線;東日本旅客鉄道 東北線;東京地下鉄 3号線銀座線;東日本旅客鉄道 中央線;東京地下鉄 11号線半蔵門線;東京地下鉄 4号線丸ノ内線;東京都 12号線大江戸線;東京地下鉄 9号線千代田線;東京地下鉄 5号線東西線;東京都 6号線三田線;京成電鉄 本線;東日本旅客鉄道 東北新幹線
401020,日比谷,千代田区,35.676144,139.740509,永田町,234,東京地下鉄 7号線南北線;東京地下鉄 8号線有楽町線;東京地下鉄 11号線半蔵門線,算出,永田町(234m);赤坂見附(294m);国会議事堂前(398m);溜池山王(445m);赤坂(580m);麹町(1002m);桜田門(1031m);半蔵門(1033m);霞ヶ関(1063m);虎ノ門(1094m);虎ノ門ヒルズ(1180m);六本木一丁目(1239m);四ツ谷(1388m);青山一丁目(1530m);内幸町(1545m);神谷町(1551m);六本木(1644m);乃木坂(1672m);日比谷(1754m);信濃町(1786m);市ヶ谷(1810m);御成門(1956m);二重橋前(1982m);新橋(1989m),東京地下鉄 7号線南北線;東京地下鉄 8号線有楽町線;東京地下鉄 11号線半蔵門線;東京地下鉄 3号線銀座線;東京地下鉄 4号線丸ノ内線;東京地下鉄 9号線千代田線;東京地下鉄 2号線日比谷線;東日本旅客鉄道 中央線;東京都 12号線大江戸線;東京都 6号線三田線;東京都 10号線新宿線;ゆりかもめ 東京臨海新交通臨海線;東京都 1号線浅草線;東日本旅客鉄道 東海道線
401040,三田,港区,35.653156,139.742737,赤羽橋,241,東京都 12号線大江戸線,算出,赤羽橋(241m);麻布十番(622m);芝公園(638m);三田(811m);田町(935m);神谷町(1068m);御成門(1175m);大門(1193m);モノレール浜松町(1291m);浜松町(1324m);白金高輪(1350m);六本木一丁目(1370m);日の出(1546m);六本木(1546m);虎ノ門ヒルズ(1640m);泉岳寺(1693m);竹芝(1745m);芝浦ふ頭(1830m);広尾(1862m);高輪ゲートウェイ(1986m),東京都 12号線大江戸線;東京地下鉄 7号線南北線;東京都 6号線三田線;東京都 1号線浅草線;東日本旅客鉄道 東海道線;東京地下鉄 2号線日比谷線;東京モノレール 東京モノレール羽田空港線;ゆりかもめ 東京臨海新交通臨海線;京浜急行電鉄 本線
401210,大崎,品川区,35.609982,139.720352,戸越公園,212,東急電鉄 大井町線,算出,戸越公園(212m);下神明(557m);戸越(611m);荏原中延(752m);戸越銀座(827m);中延(829m);西大井(921m);大崎(1300m);大井町(1307m);荏原町(1346m);大崎広小路(1382m);旗の台(1683m);馬込(1698m);五反田(1820m);不動前(1836m);武蔵小山(1852m),東急電鉄 大井町線;東京都 1号線浅草線;東急電鉄 池上線;東日本旅客鉄道 東海道線;東京臨海高速鉄道 臨海副都心線;東日本旅客鉄道 山手線;東急電鉄 目黒線
401220,八潮,品川区,35.611317,139.746445,品川シーサイド,347,東京臨海高速鉄道 臨海副都心線,算出,品川シーサイド(347m);青物横丁(381m);新馬場(744m);鮫洲(783m);大井町(1168m);天王洲アイル(1233m);北品川(1394m);立会川(1578m);大井競馬場前(1812m);下神明(1843m);大崎(1913m),東京臨海高速鉄道 臨海副都心線;京浜急行電鉄 本線;東急電鉄 大井町線;東日本旅客鉄道 東海道線;東京モノレール 東京モノレール羽田空港線;東日本旅客鉄道 山手線
401230,小山台,品川区,35.62146,139.702896,武蔵小山,177,東急電鉄 目黒線,算出,武蔵小山(177m);西小山(769m);不動前(1026m);戸越銀座(1251m);戸越(1448m);洗足(1493m);荏原中延(1528m);目黒(1703m);大崎広小路(1761m);学芸大学(1791m);旗の台(1827m);北千束(1899m);五反田(1974m);戸越公園(1976m),東急電鉄 目黒線;東急電鉄 池上線;東京都 1号線浅草線;東京都 6号線三田線;東日本旅客鉄道 山手線;東京地下鉄 7号線南北線;東急電鉄 東横線;東急電鉄 大井町線
401240,雪谷,大田区,35.586651,139.689041,御嶽山,621,東急電鉄 池上線,算出,御嶽山(621m);久が原(856m);雪が谷大塚(928m);石川台(1190m);洗足池(1458m);鵜の木(1469m);沼部(1508m);千鳥町(1533m);西馬込(1564m);下丸子(1734m);多摩川(1863m);長原(1911m),東急電鉄 池上線;東急電鉄 東急多摩川線;東京都 1号線浅草線;東急電鉄 東横線
401250,大森,大田区,35.571102,139.710236,池上,675,東急電鉄 池上線,算出,池上(675m);蓮沼(808m);蒲田(1107m);矢口渡(1314m);京急蒲田(1649m);武蔵新田(1653m);梅屋敷(1692m);千鳥町(1715m);西馬込(1836m);大森町(1975m),東急電鉄 池上線;東急電鉄 東急多摩川線;東日本旅客鉄道 東海道線;京浜急行電鉄 空港線;京浜急行電鉄 本線;東京都 1号線浅草線
401260,田園調布,大田区,35.583145,139.677216,沼部,373,東急電鉄 東急多摩川線,算出,沼部(373m);御嶽山(521m);久が原(868m);鵜の木(914m);雪が谷大塚(1042m);多摩川(1042m);新丸子(1413m);下丸子(1512m);向河原(1514m);武蔵小杉(1647m);石川台(1683m);千鳥町(1710m);田園調布(1811m),東急電鉄 東急多摩川線;東急電鉄 池上線;東急電鉄 東横線;東日本旅客鉄道 南武線;東日本旅客鉄道 東海道線;東急電鉄 目黒線
401290,蒲田,大田区,35.5574,139.715515,蒲田,509,東急電鉄 池上線;東急電鉄 東急多摩川線;東日本旅客鉄道 東海道線,算出,蒲田(509m);雑色(849m);京急蒲田(930m);蓮沼(961m);糀谷(1315m);矢口渡(1483m);梅屋敷(1549m);池上(1982m),東急電鉄 池上線;東急電鉄 東急多摩川線;東日本旅客鉄道 東海道線;京浜急行電鉄 本線;京浜急行電鉄 空港線
401410,つばさ総合,大田区,35.547405,139.740143,大鳥居,547,京浜急行電鉄 空港線,算出,大鳥居(547m);穴守稲荷(678m);大師橋(1201m);糀谷(1235m);天空橋(1312m);東門前(1313m);整備場(1470m);小島新田(1570m);川崎大師(1820m),京浜急行電鉄 空港線;京浜急行電鉄 大師線;東京モノレール 東京モノレール羽田空港線
401420,六本木,港区,35.65807,139.730743,麻布十番,592,東京地下鉄 7号線南北線;東京都 12号線大江戸線,算出,麻布十番(592m);六本木(598m);乃木坂(1032m);広尾(1042m);六本木一丁目(1072m);赤羽橋(1263m);神谷町(1361m);赤坂(1644m);白金高輪(1690m);青山一丁目(1752m);芝公園(1785m);外苑前(1798m);虎ノ門ヒルズ(1851m);溜池山王(1855m);表参道(1866m);御成門(1902m),東京地下鉄 7号線南北線;東京都 12号線大江戸線;東京地下鉄 2号線日比谷線;東京地下鉄 9号線千代田線;東京都 6号線三田線;東京地下鉄 3号線銀座線;東京地下鉄 11号線半蔵門線
401510,六郷工科,大田区,35.548386,139.715073,雑色,154,京浜急行電鉄 本線,算出,雑色(154m);六郷土手(1107m);糀谷(1476m);港町(1498m);蒲田(1510m);鈴木町(1532m);京急蒲田(1701m);川崎大師(1716m);蓮沼(1828m),京浜急行電鉄 本線;京浜急行電鉄 空港線;京浜急行電鉄 大師線;東急電鉄 池上線;東急電鉄 東急多摩川線;東日本旅客鉄道 東海道線
401520,美原,大田区,35.57774,139.740524,平和島,516,京浜急行電鉄 本線,算出,平和島(516m);流通センター(885m);大森町(966m);昭和島(1158m);大森海岸(1174m);梅屋敷(1653m);大森(1669m),京浜急行電鉄 本線;東京モノレール 東京モノレール羽田空港線;東日本旅客鉄道 東海道線
401610,芝商業,港区,35.656395,139.760773,竹芝,282,ゆりかもめ 東京臨海新交通臨海線,算出,竹芝(282m);浜松町(347m);モノレール浜松町(378m);大門(504m);日の出(807m);汐留(844m);御成門(982m);芝公園(1037m);築地市場(1095m);新橋(1096m);三田(1405m);勝どき(1505m);赤羽橋(1506m);内幸町(1517m);東銀座(1570m);芝浦ふ頭(1598m);神谷町(1607m);築地(1671m);田町(1679m);虎ノ門ヒルズ(1690m);銀座(1788m);虎ノ門(1808m);新富町(1956m),ゆりかもめ 東京臨海新交通臨海線;東日本旅客鉄道 東海道線;東京モノレール 東京モノレール羽田空港線;東京都 1号線浅草線;東京都 12号線大江戸線;東京都 6号線三田線;東京地下鉄 3号線銀座線;東京地下鉄 2号線日比谷線;東京地下鉄 4号線丸ノ内線;東京地下鉄 8号線有楽町線
401620,大田桜台,大田区,35.592133,139.70343,西馬込,597,東京都 1号線浅草線,算出,西馬込(597m);馬込(894m);長原(1226m);荏原町(1351m);洗足池(1408m);旗の台(1436m);中延(1718m);石川台(1740m);北千束(1822m);西大井(1964m),東京都 1号線浅草線;東急電鉄 池上線;東急電鉄 大井町線;東日本旅客鉄道 東海道線
402010,戸山,新宿区,35.706264,139.712112,西早稲田,329,東京地下鉄 13号線副都心線,算出,西早稲田(329m);面影橋(769m);早稲田(884m);東新宿(897m);早稲田(912m);若松河田(961m);高田馬場(1029m);学習院下(1055m);新大久保(1224m);牛込柳町(1402m);大久保(1465m);西武新宿(1566m);雑司が谷(1567m);鬼子母神前(1615m);目白(1657m);曙橋(1815m);新宿三丁目(1835m);下落合(1846m);新宿西口(1868m);新宿御苑前(1975m);護国寺(1995m),東京地下鉄 13号線副都心線;東京都 荒川線;東京都 12号線大江戸線;東京地下鉄 5号線東西線;西武鉄道 新宿線;東日本旅客鉄道 山手線;東日本旅客鉄道 中央線;東京都 10号線新宿線;東京地下鉄 4号線丸ノ内線;東京地下鉄 8号線有楽町線
402030,駒場,目黒区,35.655499,139.685806,駒場東大前,386,京王電鉄 井の頭線,算出,駒場東大前(386m);池尻大橋(542m);神泉(698m);池ノ上(1240m);渋谷(1483m);代々木公園(1554m);代々木上原(1591m);東北沢(1598m);代々木八幡(1608m);中目黒(1728m);代官山(1790m);下北沢(1830m);三軒茶屋(1926m),京王電鉄 井の頭線;東急電鉄 田園都市線;東急電鉄 東横線;東京地下鉄 3号線銀座線;東京地下鉄 11号線半蔵門線;東日本旅客鉄道 山手線;東京地下鉄 13号線副都心線;東京地下鉄 9号線千代田線;小田急電鉄 小田原線;東京地下鉄 2号線日比谷線;東急電鉄 世田谷線
402040,目黒,目黒区,35.636772,139.695312,祐天寺,415,東急電鉄 東横線,算出,祐天寺(415m);中目黒(887m);学芸大学(1273m);代官山(1475m);恵比寿(1688m);池尻大橋(1822m);目黒(1895m);武蔵小山(1989m),東急電鉄 東横線;東京地下鉄 2号線日比谷線;東日本旅客鉄道 山手線;東急電鉄 田園都市線;東急電鉄 目黒線;東京都 6号線三田線;東京地下鉄 7号線南北線
402060,新宿,新宿区,35.688934,139.705597,新宿三丁目,209,東京地下鉄 4号線丸ノ内線;東京都 10号線新宿線;東京地下鉄 13号線副都心線,算出,新宿三丁目(209m);新宿御苑前(482m);新宿(521m);代々木(659m);新宿西口(747m);南新宿(858m);西武新宿(943m);千駄ヶ谷(1009m);東新宿(1137m);都庁前(1186m);北参道(1189m);四谷三丁目(1246m);国立競技場(1300m);西新宿(1331m);新大久保(1418m);大久保(1495m);参宮橋(1580m);曙橋(1580m);若松河田(1608m);信濃町(1735m);初台(1774m);西新宿五丁目(1893m);原宿(1976m),東京地下鉄 4号線丸ノ内線;東京都 10号線新宿線;東京地下鉄 13号線副都心線;京王電鉄 京王線;小田急電鉄 小田原線;東京都 12号線大江戸線;東日本旅客鉄道 山手線;東日本旅客鉄道 中央線;西武鉄道 新宿線
402070,青山,渋谷区,35.672836,139.716476,外苑前,300,東京地下鉄 3号線銀座線,算出,外苑前(300m);青山一丁目(685m);国立競技場(801m);信濃町(902m);表参道(928m);千駄ヶ谷(1036m);乃木坂(1121m);北参道(1148m);明治神宮前(1174m);原宿(1255m);四谷三丁目(1688m);六本木(1693m);代々木(1788m);赤坂(1805m);新宿御苑前(1815m);四ツ谷(1854m);赤坂見附(1939m),東京地下鉄 3号線銀座線;東京地下鉄 11号線半蔵門線;東京都 12号線大江戸線;東日本旅客鉄道 中央線;東京地下鉄 9号線千代田線;東京地下鉄 13号線副都心線;東日本旅客鉄道 山手線;東京地下鉄 4号線丸ノ内線;東京地下鉄 2号線日比谷線;東京地下鉄 7号線南北線
402080,広尾,渋谷区,35.652679,139.712067,恵比寿,699,東京地下鉄 2号線日比谷線;東日本旅客鉄道 山手線,算出,恵比寿(699m);代官山(918m);広尾(920m);渋谷(1173m);表参道(1402m);中目黒(1517m);神泉(1772m);明治神宮前(1907m),東京地下鉄 2号線日比谷線;東日本旅客鉄道 山手線;東急電鉄 東横線;京王電鉄 井の頭線;東急電鉄 田園都市線;東京地下鉄 3号線銀座線;東京地下鉄 11号線半蔵門線;東京地下鉄 13号線副都心線;東京地下鉄 9号線千代田線
402210,松原,世田谷区,35.664101,139.635468,桜上水,534,京王電鉄 京王線,算出,桜上水(534m);下高井戸(609m);松原(725m);上北沢(1210m);経堂(1430m);明大前(1449m);山下(1477m);永福町(1497m);豪徳寺(1556m);西永福(1643m);東松原(1840m);梅ヶ丘(1864m),京王電鉄 京王線;東急電鉄 世田谷線;小田急電鉄 小田原線;京王電鉄 井の頭線
402220,桜町,世田谷区,35.626293,139.640961,用賀,608,東急電鉄 田園都市線,算出,用賀(608m);桜新町(721m);上野毛(1601m);駒沢大学(1957m);上町(1986m),東急電鉄 田園都市線;東急電鉄 大井町線;東急電鉄 世田谷線
402250,千歳丘,世田谷区,35.652679,139.624573,千歳船橋,556,小田急電鉄 小田原線,算出,千歳船橋(556m);経堂(1140m);祖師ヶ谷大蔵(1697m);松原(1774m);桜上水(1776m);上北沢(1801m);宮の坂(1925m);山下(1983m),小田急電鉄 小田原線;東急電鉄 世田谷線;京王電鉄 京王線
402270,深沢,世田谷区,35.623077,139.647675,桜新町,981,東急電鉄 田園都市線,算出,桜新町(981m);用賀(1275m);上野毛(1465m);駒沢大学(1634m);等々力(1636m);尾山台(1887m),東急電鉄 田園都市線;東急電鉄 大井町線
402410,世田谷泉,世田谷区,35.67168,139.5914,千歳烏山,917,京王電鉄 京王線,算出,千歳烏山(917m);仙川(1176m);芦花公園(1541m);久我山(1965m),京王電鉄 京王線;京王電鉄 井の頭線
402420,世田谷総合,世田谷区,35.618992,139.619415,二子玉川,1049,東急電鉄 大井町線;東急電鉄 田園都市線,算出,二子玉川(1049m);二子新地(1336m);用賀(1584m);高津(1734m);上野毛(1927m),東急電鉄 大井町線;東急電鉄 田園都市線
402520,新宿山吹,新宿区,35.706856,139.728226,早稲田,560,東京地下鉄 5号線東西線,算出,早稲田(560m);江戸川橋(598m);神楽坂(658m);牛込柳町(867m);牛込神楽坂(967m);早稲田(999m);若松河田(1246m);護国寺(1372m);茗荷谷(1391m);面影橋(1394m);飯田橋(1594m);曙橋(1694m);西早稲田(1726m);学習院下(1744m);市ヶ谷(1805m);雑司が谷(1921m);鬼子母神前(1929m),東京地下鉄 5号線東西線;東京地下鉄 8号線有楽町線;東京都 12号線大江戸線;東京都 荒川線;東京地下鉄 4号線丸ノ内線;東京地下鉄 7号線南北線;東日本旅客鉄道 中央線;東京都 10号線新宿線;東京地下鉄 13号線副都心線
402530,芦花,世田谷区,35.658768,139.606445,千歳烏山,1148,京王電鉄 京王線,算出,千歳烏山(1148m);芦花公園(1322m);八幡山(1452m);祖師ヶ谷大蔵(1750m);上北沢(1899m);仙川(1959m),京王電鉄 京王線;小田急電鉄 小田原線
402620,第一商業,渋谷区,35.651318,139.698914,代官山,536,東急電鉄 東横線,算出,代官山(536m);中目黒(793m);神泉(829m);渋谷(887m);恵比寿(1068m);池尻大橋(1285m);駒場東大前(1570m);祐天寺(1738m);表参道(1957m);明治神宮前(1998m),東急電鉄 東横線;東京地下鉄 2号線日比谷線;京王電鉄 井の頭線;東急電鉄 田園都市線;東京地下鉄 3号線銀座線;東京地下鉄 11号線半蔵門線;東日本旅客鉄道 山手線;東京地下鉄 13号線副都心線;東京地下鉄 9号線千代田線
402750,総合工科,世田谷区,35.651669,139.59549,成城学園前,1323,小田急電鉄 小田原線,算出,成城学園前(1323m);仙川(1509m);祖師ヶ谷大蔵(1595m);千歳烏山(1851m);喜多見(1864m);つつじヶ丘(1965m),小田急電鉄 小田原線;京王電鉄 京王線
402810,園芸,世田谷区,35.618172,139.647919,上野毛,1066,東急電鉄 大井町線,算出,上野毛(1066m);等々力(1090m);尾山台(1369m);桜新町(1522m);用賀(1550m);九品仏(1851m),東急電鉄 大井町線;東急電鉄 田園都市線
402930,国際,目黒区,35.659485,139.679214,駒場東大前,448,京王電鉄 井の頭線,算出,駒場東大前(448m);池ノ上(530m);東北沢(866m);代々木上原(1047m);池尻大橋(1095m);下北沢(1130m);神泉(1294m);代々木公園(1427m);代々木八幡(1443m);世田谷代田(1596m);新代田(1645m);笹塚(1915m);幡ヶ谷(1926m);三軒茶屋(1934m),京王電鉄 井の頭線;小田急電鉄 小田原線;東京地下鉄 9号線千代田線;東急電鉄 田園都市線;京王電鉄 京王線;東急電鉄 世田谷線
402940,総合芸術,新宿区,35.692692,139.714996,新宿御苑前,592,東京地下鉄 4号線丸ノ内線,算出,新宿御苑前(592m);四谷三丁目(667m);曙橋(686m);若松河田(775m);新宿三丁目(918m);東新宿(957m);牛込柳町(1189m);千駄ヶ谷(1317m);新宿(1398m);西武新宿(1401m);国立競技場(1423m);新宿西口(1431m);信濃町(1528m);代々木(1537m);早稲田(1584m);四ツ谷(1590m);新大久保(1616m);西早稲田(1781m);南新宿(1784m);大久保(1814m);北参道(1816m);市ヶ谷(1947m),東京地下鉄 4号線丸ノ内線;東京都 10号線新宿線;東京都 12号線大江戸線;東京地下鉄 13号線副都心線;東日本旅客鉄道 中央線;京王電鉄 京王線;小田急電鉄 小田原線;東日本旅客鉄道 山手線;西武鉄道 新宿線;東京地下鉄 5号線東西線;東京地下鉄 7号線南北線;東京地下鉄 8号線有楽町線
403010,鷺宮,中野区,35.720528,139.644165,都立家政,217,西武鉄道 新宿線,算出,都立家政(217m);鷺ノ宮(454m);野方(849m);高円寺(1763m);下井草(1793m);沼袋(1873m);阿佐ヶ谷(1880m);中村橋(1903m),西武鉄道 新宿線;東日本旅客鉄道 中央線;西武鉄道 池袋線
403020,富士,中野区,35.689938,139.66774,中野富士見町,105,東京地下鉄 4号線丸ノ内線分岐線,算出,中野富士見町(105m);中野新橋(599m);新中野(853m);方南町(1138m);東高円寺(1235m);西新宿五丁目(1529m);中野坂上(1564m);幡ヶ谷(1720m);中野(1767m);笹塚(1811m);新高円寺(1947m),東京地下鉄 4号線丸ノ内線分岐線;東京地下鉄 4号線丸ノ内線;東京都 12号線大江戸線;京王電鉄 京王線;東京地下鉄 5号線東西線;東日本旅客鉄道 中央線
403030,武蔵丘,中野区,35.728615,139.631226,下井草,788,西武鉄道 新宿線,算出,下井草(788m);富士見台(815m);鷺ノ宮(1025m);中村橋(1044m);都立家政(1468m);井荻(1482m);練馬高野台(1862m),西武鉄道 新宿線;西武鉄道 池袋線
403040,荻窪,杉並区,35.701931,139.620224,荻窪,264,東京地下鉄 4号線丸ノ内線;東日本旅客鉄道 中央線,算出,荻窪(264m);南阿佐ヶ谷(1413m);阿佐ヶ谷(1485m);西荻窪(1864m),東京地下鉄 4号線丸ノ内線;東日本旅客鉄道 中央線
403050,西,杉並区,35.692612,139.605392,久我山,740,京王電鉄 井の頭線,算出,久我山(740m);富士見ヶ丘(884m);西荻窪(1346m);高井戸(1368m);三鷹台(1455m);荻窪(1852m),京王電鉄 井の頭線;東日本旅客鉄道 中央線;東京地下鉄 4号線丸ノ内線
403060,豊多摩,杉並区,35.687115,139.628052,浜田山,618,京王電鉄 井の頭線,算出,浜田山(618m);西永福(1119m);高井戸(1235m);南阿佐ヶ谷(1531m);永福町(1792m);富士見ヶ丘(1898m),京王電鉄 井の頭線;東京地下鉄 4号線丸ノ内線
403070,杉並,杉並区,35.697006,139.632126,南阿佐ヶ谷,414,東京地下鉄 4号線丸ノ内線,算出,南阿佐ヶ谷(414m);阿佐ヶ谷(952m);荻窪(1363m);新高円寺(1483m);浜田山(1764m);高円寺(1838m),東京地下鉄 4号線丸ノ内線;東日本旅客鉄道 中央線;京王電鉄 井の頭線
403210,石神井,練馬区,35.730549,139.572098,武蔵関,505,西武鉄道 新宿線,算出,武蔵関(505m);東伏見(795m);西武柳沢(1791m);上石神井(1886m);保谷(2000m),西武鉄道 新宿線;西武鉄道 池袋線
403220,井草,練馬区,35.727592,139.599396,上井草,413,西武鉄道 新宿線,算出,上井草(413m);上石神井(660m);井荻(1494m);石神井公園(1898m),西武鉄道 新宿線;西武鉄道 池袋線
403230,大泉,練馬区,35.747021,139.592224,大泉学園,569,西武鉄道 池袋線,算出,大泉学園(569m);石神井公園(1347m),西武鉄道 池袋線
403240,練馬,練馬区,35.757805,139.642212,練馬春日町,729,東京都 12号線大江戸線,算出,練馬春日町(729m);平和台(1091m);光が丘(1173m);地下鉄赤塚(1386m);下赤塚(1430m);豊島園(1869m),東京都 12号線大江戸線;東京地下鉄 8号線有楽町線;東武鉄道 東上本線;西武鉄道 豊島線
403250,光丘,練馬区,35.767113,139.625137,光が丘,1030,東京都 12号線大江戸線,算出,光が丘(1030m);地下鉄成増(1201m);成増(1359m);地下鉄赤塚(1701m);下赤塚(1818m),東京都 12号線大江戸線;東京地下鉄 8号線有楽町線;東武鉄道 東上本線
403280,田柄,練馬区,35.763371,139.634705,光が丘,735,東京都 12号線大江戸線,算出,光が丘(735m);地下鉄赤塚(1106m);下赤塚(1210m);練馬春日町(1443m);地下鉄成増(1520m);成増(1590m);平和台(1883m),東京都 12号線大江戸線;東京地下鉄 8号線有楽町線;東武鉄道 東上本線
403410,杉並総合,杉並区,35.676266,139.62233,浜田山,757,京王電鉄 井の頭線,算出,浜田山(757m);上北沢(831m);八幡山(988m);高井戸(1008m);西永福(1194m);桜上水(1265m);芦花公園(1410m);富士見ヶ丘(1662m);永福町(1837m),京王電鉄 井の頭線;京王電鉄 京王線
403420,稔ヶ丘,中野区,35.727715,139.625992,下井草,442,西武鉄道 新宿線,算出,下井草(442m);富士見台(968m);井荻(1002m);鷺ノ宮(1373m);中村橋(1418m);練馬高野台(1655m);都立家政(1859m),西武鉄道 新宿線;西武鉄道 池袋線
403510,大泉桜,練馬区,35.763851,139.598068,大泉学園,1908,西武鉄道 池袋線,算出,大泉学園(1908m),西武鉄道 池袋線
403630,第四商業,練馬区,35.739265,139.625961,富士見台,515,西武鉄道 池袋線,算出,富士見台(515m);練馬高野台(837m);中村橋(1052m);下井草(1715m);石神井公園(1818m);井荻(1876m);練馬春日町(1895m),西武鉄道 池袋線;西武鉄道 新宿線;東京都 12号線大江戸線
403710,中野工科,中野区,35.717201,139.656082,野方,354,西武鉄道 新宿線,算出,野方(354m);沼袋(820m);都立家政(1110m);高円寺(1440m);新井薬師前(1490m);中野(1542m);鷺ノ宮(1585m),西武鉄道 新宿線;東日本旅客鉄道 中央線;東京地下鉄 5号線東西線
403720,杉並工科,杉並区,35.719135,139.599625,上井草,744,西武鉄道 新宿線,算出,上井草(744m);上石神井(1027m);井荻(1563m);西荻窪(1705m),西武鉄道 新宿線;東日本旅客鉄道 中央線
403730,練馬工科,練馬区,35.755054,139.653702,平和台,283,東京地下鉄 8号線有楽町線,算出,平和台(283m);氷川台(1222m);練馬春日町(1238m);豊島園(1541m);東武練馬(1709m);下赤塚(1893m);地下鉄赤塚(1917m);練馬(1922m);桜台(1976m),東京地下鉄 8号線有楽町線;東京都 12号線大江戸線;西武鉄道 豊島線;東武鉄道 東上本線;西武鉄道 西武有楽町線;西武鉄道 池袋線
403810,農芸,杉並区,35.718266,139.604034,上井草,783,西武鉄道 新宿線,算出,上井草(783m);井荻(1259m);上石神井(1379m);西荻窪(1656m);下井草(1970m),西武鉄道 新宿線;東日本旅客鉄道 中央線
404010,竹早,文京区,35.712524,139.743393,茗荷谷,784,東京地下鉄 4号線丸ノ内線,算出,茗荷谷(784m);後楽園(891m);江戸川橋(910m);春日(911m);飯田橋(1229m);神楽坂(1253m);白山(1286m);東大前(1444m);牛込神楽坂(1452m);水道橋(1466m);護国寺(1618m);本駒込(1622m);本郷三丁目(1649m);千石(1721m);新大塚(1967m);九段下(1999m),東京地下鉄 4号線丸ノ内線;東京地下鉄 7号線南北線;東京地下鉄 8号線有楽町線;東京都 6号線三田線;東京都 12号線大江戸線;東京地下鉄 5号線東西線;東日本旅客鉄道 中央線;東京地下鉄 11号線半蔵門線;東京都 10号線新宿線
404020,向丘,文京区,35.721733,139.754959,白山,241,東京都 6号線三田線,算出,白山(241m);本駒込(316m);東大前(479m);千駄木(895m);根津(1091m);千石(1153m);春日(1404m);後楽園(1574m);日暮里(1623m);西日暮里(1654m);本郷三丁目(1693m);茗荷谷(1707m);駒込(1772m);田端(1850m);巣鴨(1952m),東京都 6号線三田線;東京地下鉄 7号線南北線;東京地下鉄 9号線千代田線;東京都 12号線大江戸線;東京地下鉄 4号線丸ノ内線;京成電鉄 本線;東日本旅客鉄道 常磐線;東日本旅客鉄道 東北線;東京都 日暮里・舎人ライナー;東日本旅客鉄道 山手線
404040,豊島,豊島区,35.738995,139.682526,小竹向原,559,西武鉄道 西武有楽町線;東京地下鉄 8号線有楽町線;東京地下鉄 13号線副都心線,算出,小竹向原(559m);千川(627m);江古田(895m);東長崎(1005m);新桜台(1279m);新江古田(1299m);要町(1577m);落合南長崎(1732m);椎名町(1750m);桜台(1817m);氷川台(1940m),西武鉄道 西武有楽町線;東京地下鉄 8号線有楽町線;東京地下鉄 13号線副都心線;西武鉄道 池袋線;東京都 12号線大江戸線
404050,文京,豊島区,35.735924,139.730026,巣鴨新田,209,東京都 荒川線,算出,巣鴨新田(209m);庚申塚(358m);大塚駅前(481m);大塚(497m);新庚申塚(577m);西巣鴨(841m);巣鴨(862m);向原(925m);西ヶ原四丁目(955m);新大塚(1095m);北池袋(1324m);滝野川一丁目(1355m);板橋(1407m);東池袋四丁目(1431m);東池袋(1498m);西ヶ原(1569m);駒込(1590m);千石(1596m);下板橋(1651m);飛鳥山(1705m);都電雑司ヶ谷(1718m);新板橋(1729m);護国寺(1876m);上中里(1908m);池袋(1952m);栄町(1990m),東京都 荒川線;東日本旅客鉄道 山手線;東京都 6号線三田線;東京地下鉄 4号線丸ノ内線;東武鉄道 東上本線;東日本旅客鉄道 赤羽線;東京地下鉄 8号線有楽町線;東京地下鉄 7号線南北線;東日本旅客鉄道 東北線;西武鉄道 池袋線;東京地下鉄 13号線副都心線
404210,北園,板橋区,35.750793,139.716187,新板橋,360,東京都 6号線三田線,算出,新板橋(360m);板橋区役所前(556m);下板橋(639m);板橋(696m);北池袋(1163m);十条(1199m);大山(1252m);西巣鴨(1398m);板橋本町(1492m);西ヶ原四丁目(1658m);新庚申塚(1672m);東十条(1735m);庚申塚(1772m);滝野川一丁目(1778m);飛鳥山(1909m);王子(1972m),東京都 6号線三田線;東武鉄道 東上本線;東日本旅客鉄道 赤羽線;東京都 荒川線;東日本旅客鉄道 東北線;東京地下鉄 7号線南北線
404220,板橋,板橋区,35.741955,139.689667,千川,421,東京地下鉄 8号線有楽町線;東京地下鉄 13号線副都心線,算出,千川(421m);小竹向原(930m);要町(1256m);大山(1372m);東長崎(1455m);江古田(1603m);中板橋(1649m);椎名町(1770m);ときわ台(1887m);新桜台(1907m),東京地下鉄 8号線有楽町線;東京地下鉄 13号線副都心線;西武鉄道 西武有楽町線;東武鉄道 東上本線;西武鉄道 池袋線
404250,大山,板橋区,35.753635,139.674683,氷川台,944,東京地下鉄 8号線有楽町線,算出,氷川台(944m);上板橋(1118m);小竹向原(1219m);ときわ台(1399m);新桜台(1511m);中板橋(1802m);江古田(1806m);平和台(1890m);桜台(1993m);東武練馬(1997m),東京地下鉄 8号線有楽町線;東武鉄道 東上本線;西武鉄道 西武有楽町線;東京地下鉄 13号線副都心線;西武鉄道 池袋線
404260,高島,板橋区,35.786797,139.653397,新高島平,390,東京都 6号線三田線,算出,新高島平(390m);高島平(751m);西高島平(897m);西台(1740m);下赤塚(1971m),東京都 6号線三田線;東武鉄道 東上本線
404410,桐ヶ丘,北区,35.781815,139.70668,北赤羽,579,東日本旅客鉄道 東北線,算出,北赤羽(579m);志村坂上(1238m);赤羽(1381m);赤羽岩淵(1402m);本蓮沼(1485m);浮間舟渡(1727m);志村三丁目(1939m),東日本旅客鉄道 東北線;東京都 6号線三田線;東日本旅客鉄道 赤羽線;埼玉高速鉄道 埼玉高速鉄道線;東京地下鉄 7号線南北線
404420,王子総合,北区,35.746979,139.730362,西ヶ原四丁目,370,東京都 荒川線,算出,西ヶ原四丁目(370m);西巣鴨(423m);滝野川一丁目(457m);新庚申塚(653m);飛鳥山(716m);庚申塚(876m);王子駅前(955m);王子(977m);新板橋(1014m);板橋(1031m);西ヶ原(1080m);栄町(1153m);巣鴨新田(1333m);下板橋(1348m);上中里(1437m);北池袋(1461m);梶原(1595m);十条(1661m);巣鴨(1673m);大塚(1704m);大塚駅前(1710m);板橋区役所前(1895m);東十条(1902m);駒込(1944m),東京都 荒川線;東京都 6号線三田線;東京地下鉄 7号線南北線;東日本旅客鉄道 東北線;東日本旅客鉄道 赤羽線;東武鉄道 東上本線;東日本旅客鉄道 山手線
404510,飛鳥,北区,35.762428,139.738785,王子神谷,406,東京地下鉄 7号線南北線,算出,王子神谷(406m);王子(1013m);王子駅前(1080m);東十条(1097m);栄町(1325m);飛鳥山(1381m);梶原(1478m);十条(1509m);滝野川一丁目(1709m);荒川車庫前(1804m);志茂(1825m);上中里(1856m);西ヶ原(1859m),東京地下鉄 7号線南北線;東日本旅客鉄道 東北線;東京都 荒川線;東日本旅客鉄道 赤羽線
404520,板橋有徳,板橋区,35.772072,139.660889,東武練馬,409,東武鉄道 東上本線,算出,東武練馬(409m);下赤塚(1458m);地下鉄赤塚(1574m);上板橋(1671m);平和台(1720m);高島平(1875m);西台(1979m),東武鉄道 東上本線;東京地下鉄 8号線有楽町線;東京都 6号線三田線
404640,千早,豊島区,35.736462,139.684937,千川,446,東京地下鉄 8号線有楽町線;東京地下鉄 13号線副都心線,算出,千川(446m);東長崎(739m);小竹向原(913m);江古田(1102m);要町(1275m);新江古田(1370m);椎名町(1395m);落合南長崎(1455m);新桜台(1560m),東京地下鉄 8号線有楽町線;東京地下鉄 13号線副都心線;西武鉄道 池袋線;西武鉄道 西武有楽町線;東京都 12号線大江戸線
404710,工芸,文京区,35.702507,139.755676,水道橋,119,東京都 6号線三田線;東日本旅客鉄道 中央線,算出,水道橋(119m);本郷三丁目(672m);後楽園(709m);神保町(792m);春日(798m);九段下(856m);御茶ノ水(876m);飯田橋(1006m);新御茶ノ水(1079m);小川町(1290m);竹橋(1354m);淡路町(1361m);湯島(1376m);末広町(1454m);上野広小路(1661m);上野御徒町(1671m);秋葉原(1717m);東大前(1746m);神田(1773m);牛込神楽坂(1782m);御徒町(1796m);根津(1882m);仲御徒町(1909m);神楽坂(1916m);岩本町(1932m),東京都 6号線三田線;東日本旅客鉄道 中央線;東京地下鉄 4号線丸ノ内線;東京都 12号線大江戸線;東京地下鉄 7号線南北線;東京地下鉄 11号線半蔵門線;東京都 10号線新宿線;東京地下鉄 5号線東西線;東日本旅客鉄道 総武線;東京地下鉄 8号線有楽町線;東京地下鉄 9号線千代田線;東京地下鉄 3号線銀座線;首都圏新都市鉄道 常磐新線;東京地下鉄 2号線日比谷線;東日本旅客鉄道 東北線
404730,北豊島工科,板橋区,35.76033,139.697296,中板橋,521,東武鉄道 東上本線,算出,中板橋(521m);板橋本町(755m);ときわ台(786m);本蓮沼(1056m);大山(1410m);板橋区役所前(1527m);志村坂上(1795m);上板橋(1938m),東武鉄道 東上本線;東京都 6号線三田線
404910,赤羽北桜,北区,35.769939,139.708984,本蓮沼,629,東京都 6号線三田線,算出,本蓮沼(629m);板橋本町(1029m);赤羽(1378m);志村坂上(1470m);十条(1600m);東十条(1740m);赤羽岩淵(1905m);北赤羽(1915m),東京都 6号線三田線;東日本旅客鉄道 赤羽線;東日本旅客鉄道 東北線;埼玉高速鉄道 埼玉高速鉄道線;東京地下鉄 7号線南北線
405040,白鴎,台東区,35.708439,139.78302,新御徒町,186,首都圏新都市鉄道 常磐新線;東京都 12号線大江戸線,算出,新御徒町(186m);稲荷町(339m);仲御徒町(648m);田原町(681m);御徒町(763m);上野(829m);蔵前(901m);上野広小路(912m);上野御徒町(914m);浅草(1162m);末広町(1191m);湯島(1192m);浅草橋(1237m);入谷(1368m);秋葉原(1377m);鶯谷(1516m);岩本町(1592m);馬喰町(1680m);両国(1753m);馬喰横山(1820m);根津(1846m);東日本橋(1867m);御茶ノ水(1899m);本所吾妻橋(1937m),首都圏新都市鉄道 常磐新線;東京都 12号線大江戸線;東京地下鉄 3号線銀座線;東京地下鉄 2号線日比谷線;東日本旅客鉄道 東北線;京成電鉄 本線;東日本旅客鉄道 東北新幹線;東京都 1号線浅草線;東武鉄道 伊勢崎線;東京地下鉄 9号線千代田線;東日本旅客鉄道 総武線;東京都 10号線新宿線;東京地下鉄 4号線丸ノ内線;東日本旅客鉄道 中央線
405050,忍岡,台東区,35.700806,139.783218,浅草橋,420,東京都 1号線浅草線;東日本旅客鉄道 総武線,算出,浅草橋(420m);新御徒町(690m);馬喰町(834m);蔵前(863m);秋葉原(872m);仲御徒町(909m);岩本町(923m);馬喰横山(971m);東日本橋(1021m);御徒町(1046m);末広町(1058m);稲荷町(1182m);上野広小路(1195m);田原町(1199m);両国(1208m);上野御徒町(1225m);小伝馬町(1227m);湯島(1368m);浜町(1429m);神田(1453m);上野(1463m);新日本橋(1547m);淡路町(1569m);小川町(1615m);人形町(1629m);浅草(1659m);新御茶ノ水(1661m);御茶ノ水(1664m);三越前(1864m);森下(1956m);水天宮前(1982m),東京都 1号線浅草線;東日本旅客鉄道 総武線;首都圏新都市鉄道 常磐新線;東京都 12号線大江戸線;東京地下鉄 2号線日比谷線;東日本旅客鉄道 東北線;東京都 10号線新宿線;東京地下鉄 3号線銀座線;東京地下鉄 9号線千代田線;東日本旅客鉄道 中央線;京成電鉄 本線;東日本旅客鉄道 東北新幹線;東京地下鉄 4号線丸ノ内線;東武鉄道 伊勢崎線;東京地下鉄 11号線半蔵門線
405060,上野,台東区,35.719238,139.769653,根津,412,東京地下鉄 9号線千代田線,算出,根津(412m);鶯谷(795m);上野(925m);千駄木(941m);日暮里(990m);東大前(1075m);上野御徒町(1287m);上野広小路(1328m);入谷(1354m);湯島(1385m);御徒町(1415m);稲荷町(1423m);西日暮里(1518m);仲御徒町(1519m);本駒込(1542m);本郷三丁目(1581m);白山(1588m);三河島(1714m);新御徒町(1770m);末広町(1833m);春日(1896m),東京地下鉄 9号線千代田線;東日本旅客鉄道 東北線;京成電鉄 本線;東京地下鉄 2号線日比谷線;東京地下鉄 3号線銀座線;東日本旅客鉄道 東北新幹線;東日本旅客鉄道 常磐線;東京都 日暮里・舎人ライナー;東京地下鉄 7号線南北線;東京都 12号線大江戸線;東京地下鉄 4号線丸ノ内線;東京都 6号線三田線;首都圏新都市鉄道 常磐新線
405070,竹台,荒川区,35.726013,139.77774,鶯谷,508,東日本旅客鉄道 東北線,算出,鶯谷(508m);日暮里(636m);三河島(817m);入谷(855m);西日暮里(1206m);三ノ輪(1265m);荒川区役所前(1280m);千駄木(1297m);新三河島(1300m);荒川一中前(1314m);三ノ輪橋(1421m);根津(1451m);荒川二丁目(1534m);上野(1557m);稲荷町(1672m);町屋(1827m);荒川七丁目(1867m);町屋駅前(1884m);田端(1937m);町屋二丁目(1994m);東大前(2000m),東日本旅客鉄道 東北線;京成電鉄 本線;東日本旅客鉄道 常磐線;東京都 日暮里・舎人ライナー;東京地下鉄 2号線日比谷線;東京地下鉄 9号線千代田線;東京都 荒川線;東京地下鉄 3号線銀座線;東日本旅客鉄道 東北新幹線;東日本旅客鉄道 山手線;東京地下鉄 7号線南北線
405210,足立,足立区,35.770123,139.80423,梅島,608,東武鉄道 伊勢崎線,算出,梅島(608m);五反野(676m);青井(1460m);小菅(1481m);西新井(1483m),東武鉄道 伊勢崎線;首都圏新都市鉄道 常磐新線;東武鉄道 大師線
405220,江北,足立区,35.767418,139.821213,青井,517,首都圏新都市鉄道 常磐新線,算出,青井(517m);綾瀬(667m);五反野(1059m);小菅(1241m);北綾瀬(1440m);六町(1931m),首都圏新都市鉄道 常磐新線;東京地下鉄 9号線千代田線;東日本旅客鉄道 常磐線;東武鉄道 伊勢崎線
405230,淵江,足立区,35.791786,139.811951,六町,1182,首都圏新都市鉄道 常磐新線,算出,六町(1182m);竹ノ塚(1936m),首都圏新都市鉄道 常磐新線;東武鉄道 伊勢崎線
405240,足立西,足立区,35.776588,139.768051,江北,374,東京都 日暮里・舎人ライナー,算出,江北(374m);西新井大師西(542m);高野(957m);大師前(1255m);谷在家(1357m);扇大橋(1408m),東京都 日暮里・舎人ライナー;東武鉄道 大師線
405250,足立東,足立区,35.781078,139.844772,亀有,1636,東日本旅客鉄道 常磐線,手動,亀有(1636m);北綾瀬(1235m),東日本旅客鉄道 常磐線;東京地下鉄 9号線千代田線
405260,青井,足立区,35.773151,139.812363,青井,723,首都圏新都市鉄道 常磐新線,算出,青井(723m);五反野(843m);梅島(1292m);六町(1548m);小菅(1609m);綾瀬(1661m);北綾瀬(1828m),首都圏新都市鉄道 常磐新線;東武鉄道 伊勢崎線;東京地下鉄 9号線千代田線;東日本旅客鉄道 常磐線
405270,足立新田,足立区,35.770275,139.742249,王子神谷,826,東京地下鉄 7号線南北線,算出,王子神谷(826m);志茂(1231m);東十条(1572m);王子(1923m);王子駅前(1984m),東京地下鉄 7号線南北線;東日本旅客鉄道 東北線;東京都 荒川線
405410,晴海総合,中央区,35.661182,139.786575,月島,397,東京地下鉄 8号線有楽町線;東京都 12号線大江戸線,算出,月島(397m);勝どき(889m);越中島(928m);豊洲(1118m);新豊洲(1423m);築地(1476m);門前仲町(1484m);新富町(1550m);市場前(1725m);八丁堀(1735m);築地市場(1840m);東銀座(1972m),東京地下鉄 8号線有楽町線;東京都 12号線大江戸線;東日本旅客鉄道 京葉線;ゆりかもめ 東京臨海新交通臨海線;東京地下鉄 2号線日比谷線;東京地下鉄 5号線東西線;東京都 1号線浅草線
405420,小台橋,足立区,35.756416,139.761551,小台,659,東京都 荒川線,算出,小台(659m);荒川遊園地前(740m);足立小台(806m);宮ノ前(820m);荒川車庫前(1002m);熊野前(1123m);扇大橋(1200m);尾久(1275m);梶原(1417m);高野(1555m);東尾久三丁目(1631m);赤土小学校前(1635m);上中里(1738m);栄町(1851m);町屋二丁目(1932m),東京都 荒川線;東京都 日暮里・舎人ライナー;東日本旅客鉄道 東北線
405520,浅草,台東区,35.719707,139.803101,浅草,1105,首都圏新都市鉄道 常磐新線;東京地下鉄 3号線銀座線;東京都 1号線浅草線;東武鉄道 伊勢崎線,算出,浅草(1105m);とうきょうスカイツリー(1174m);本所吾妻橋(1242m);曳舟(1394m);押上(1452m);三ノ輪(1515m);南千住(1554m);東向島(1554m);田原町(1585m);入谷(1678m);三ノ輪橋(1741m);蔵前(1989m),首都圏新都市鉄道 常磐新線;東京地下鉄 3号線銀座線;東京都 1号線浅草線;東武鉄道 伊勢崎線;京成電鉄 押上線;東武鉄道 亀戸線;東京地下鉄 11号線半蔵門線;東京地下鉄 2号線日比谷線;東日本旅客鉄道 常磐線;東京都 荒川線;東京都 12号線大江戸線
405710,蔵前工科,台東区,35.699936,139.790985,蔵前,501,東京都 1号線浅草線;東京都 12号線大江戸線,算出,蔵前(501m);浅草橋(567m);両国(568m);馬喰町(1068m);東日本橋(1073m);田原町(1110m);新御徒町(1118m);馬喰横山(1142m);浜町(1288m);浅草(1417m);森下(1472m);岩本町(1498m);稲荷町(1505m);小伝馬町(1530m);仲御徒町(1531m);秋葉原(1541m);本所吾妻橋(1552m);御徒町(1676m);人形町(1721m);末広町(1765m);上野広小路(1837m);上野御徒町(1860m);菊川(1873m);新日本橋(1946m);水天宮前(1951m);上野(1979m);神田(1999m),東京都 1号線浅草線;東京都 12号線大江戸線;東日本旅客鉄道 総武線;東京地下鉄 3号線銀座線;首都圏新都市鉄道 常磐新線;東京都 10号線新宿線;東武鉄道 伊勢崎線;東京地下鉄 2号線日比谷線;東日本旅客鉄道 東北線;東京地下鉄 11号線半蔵門線;京成電鉄 本線;東日本旅客鉄道 東北新幹線;東日本旅客鉄道 中央線
405720,荒川工科,荒川区,35.737709,139.792252,荒川一中前,545,東京都 荒川線,算出,荒川一中前(545m);三ノ輪橋(614m);荒川区役所前(621m);千住大橋(679m);荒川二丁目(690m);南千住(794m);荒川七丁目(881m);三ノ輪(942m);町屋(1147m);町屋駅前(1179m);三河島(1435m);町屋二丁目(1586m);新三河島(1633m);北千住(1748m);東尾久三丁目(1883m);京成関屋(1901m);牛田(1919m),東京都 荒川線;京成電鉄 本線;首都圏新都市鉄道 常磐新線;東京地下鉄 2号線日比谷線;東日本旅客鉄道 常磐線;東京地下鉄 9号線千代田線;東武鉄道 伊勢崎線
405730,足立工科,足立区,35.788048,139.777695,谷在家,689,東京都 日暮里・舎人ライナー,算出,谷在家(689m);西新井大師西(1025m);大師前(1073m);舎人公園(1177m);竹ノ塚(1369m);西新井(1655m);江北(1719m),東京都 日暮里・舎人ライナー;東武鉄道 大師線;東武鉄道 伊勢崎線
406010,両国,墨田区,35.695141,139.80986,錦糸町,501,東京地下鉄 11号線半蔵門線;東日本旅客鉄道 総武線,算出,錦糸町(501m);菊川(822m);住吉(886m);両国(1313m);森下(1326m);亀戸(1550m);本所吾妻橋(1573m);押上(1617m);西大島(1618m);清澄白河(1698m);とうきょうスカイツリー(1704m);蔵前(1938m),東京地下鉄 11号線半蔵門線;東日本旅客鉄道 総武線;東京都 10号線新宿線;東京都 12号線大江戸線;東武鉄道 亀戸線;東京都 1号線浅草線;京成電鉄 押上線;東武鉄道 伊勢崎線
406020,墨田川,墨田区,35.722229,139.816376,東向島,357,東武鉄道 伊勢崎線,算出,東向島(357m);曳舟(448m);八広(1211m);鐘ヶ淵(1332m);押上(1452m);とうきょうスカイツリー(1452m);小村井(1668m);本所吾妻橋(1858m);四ツ木(1958m);南千住(1982m),東武鉄道 伊勢崎線;京成電鉄 押上線;東武鉄道 亀戸線;東京地下鉄 11号線半蔵門線;東京都 1号線浅草線;首都圏新都市鉄道 常磐新線;東京地下鉄 2号線日比谷線;東日本旅客鉄道 常磐線
406030,本所,墨田区,35.713657,139.810959,とうきょうスカイツリー,382,東武鉄道 伊勢崎線,算出,とうきょうスカイツリー(382m);押上(504m);本所吾妻橋(812m);曳舟(872m);東向島(1410m);浅草(1449m);小村井(1548m);錦糸町(1860m);田原町(1907m);東あずま(1990m),東武鉄道 伊勢崎線;京成電鉄 押上線;東京地下鉄 11号線半蔵門線;東京都 1号線浅草線;東武鉄道 亀戸線;首都圏新都市鉄道 常磐新線;東京地下鉄 3号線銀座線;東日本旅客鉄道 総武線
406040,葛飾野,葛飾区,35.755661,139.845901,お花茶屋,1047,京成電鉄 本線,算出,お花茶屋(1047m);亀有(1219m);青砥(1436m);堀切菖蒲園(1881m);京成高砂(1941m);京成立石(1953m),京成電鉄 本線;東日本旅客鉄道 常磐線;京成電鉄 押上線;京成電鉄 金町線;北総鉄道 北総線;京成電鉄 成田空港線
406050,南葛飾,葛飾区,35.744709,139.848358,京成立石,725,京成電鉄 押上線,算出,京成立石(725m);青砥(726m);お花茶屋(830m);京成高砂(1782m);四ツ木(1902m);堀切菖蒲園(1907m),京成電鉄 押上線;京成電鉄 本線;京成電鉄 金町線;北総鉄道 北総線;京成電鉄 成田空港線
406070,日本橋,墨田区,35.71946,139.824661,曳舟,567,京成電鉄 押上線;東武鉄道 伊勢崎線;東武鉄道 亀戸線,算出,曳舟(567m);東向島(726m);八広(921m);小村井(1051m);東あずま(1482m);押上(1529m);四ツ木(1634m);鐘ヶ淵(1637m);とうきょうスカイツリー(1703m),京成電鉄 押上線;東武鉄道 伊勢崎線;東武鉄道 亀戸線;東京地下鉄 11号線半蔵門線;東京都 1号線浅草線
406210,深川,江東区,35.671654,139.816193,東陽町,266,東京地下鉄 5号線東西線,算出,東陽町(266m);木場(858m);潮見(1425m);南砂町(1446m);門前仲町(1855m);住吉(1905m);清澄白河(1957m),東京地下鉄 5号線東西線;東日本旅客鉄道 京葉線;東京都 12号線大江戸線;東京地下鉄 11号線半蔵門線;東京都 10号線新宿線
406220,東,江東区,35.674,139.836365,南砂町,751,東京地下鉄 5号線東西線,算出,南砂町(751m);東陽町(1758m);大島(1762m);西大島(1933m),東京地下鉄 5号線東西線;東京都 10号線新宿線
406230,城東,江東区,35.693451,139.828659,亀戸,485,東日本旅客鉄道 総武線;東武鉄道 亀戸線,算出,亀戸(485m);西大島(504m);大島(660m);亀戸水神(839m);住吉(1274m);錦糸町(1321m);東あずま(1571m);東大島(1728m);小村井(1878m);平井(1926m),東日本旅客鉄道 総武線;東武鉄道 亀戸線;東京都 10号線新宿線;東京地下鉄 11号線半蔵門線
406240,小松川,江戸川区,35.703037,139.851349,平井,884,東日本旅客鉄道 総武線,算出,平井(884m);東大島(1510m);新小岩(1640m);亀戸水神(1658m);東あずま(1848m),東日本旅客鉄道 総武線;東京都 10号線新宿線;東武鉄道 亀戸線
406250,江戸川,江戸川区,35.70845,139.865631,新小岩,1175,東日本旅客鉄道 総武線,算出,新小岩(1175m),東日本旅客鉄道 総武線
406260,小岩,江戸川区,35.721748,139.869446,新小岩,1190,東日本旅客鉄道 総武線,算出,新小岩(1190m);小岩(1707m),東日本旅客鉄道 総武線
406270,葛西南,江戸川区,35.653336,139.87059,葛西,1155,東京地下鉄 5号線東西線,算出,葛西(1155m);葛西臨海公園(1310m);西葛西(1611m),東京地下鉄 5号線東西線;東日本旅客鉄道 京葉線
406280,篠崎,江戸川区,35.700775,139.91629,篠崎,1268,東京都 10号線新宿線,算出,篠崎(1268m);妙典(1309m);瑞江(1860m);行徳(2000m),東京都 10号線新宿線;東京地下鉄 5号線東西線
406290,紅葉川,江戸川区,35.652504,139.858902,葛西臨海公園,956,東日本旅客鉄道 京葉線,算出,葛西臨海公園(956m);西葛西(1344m);葛西(1731m),東日本旅客鉄道 京葉線;東京地下鉄 5号線東西線
406410,大江戸,江東区,35.679676,139.818085,住吉,1034,東京地下鉄 11号線半蔵門線;東京都 10号線新宿線,算出,住吉(1034m);東陽町(1122m);西大島(1306m);菊川(1454m);木場(1516m);清澄白河(1736m);南砂町(1755m);大島(1851m);錦糸町(1973m),東京地下鉄 11号線半蔵門線;東京都 10号線新宿線;東京地下鉄 5号線東西線;東京都 12号線大江戸線;東日本旅客鉄道 総武線
406420,葛飾総合,葛飾区,35.777786,139.864914,金町,1096,京成電鉄 金町線;東日本旅客鉄道 常磐線,算出,金町(1096m),京成電鉄 金町線;東日本旅客鉄道 常磐線
406620,葛飾商業,葛飾区,35.757751,139.864655,京成高砂,785,京成電鉄 金町線;京成電鉄 本線;北総鉄道 北総線;京成電鉄 成田空港線,算出,京成高砂(785m);柴又(970m);金町(1351m);青砥(1522m);新柴又(1542m);亀有(1826m),京成電鉄 金町線;京成電鉄 本線;北総鉄道 北総線;京成電鉄 成田空港線;東日本旅客鉄道 常磐線;京成電鉄 押上線
406630,江東商業,江東区,35.702232,139.830826,亀戸水神,344,東武鉄道 亀戸線,算出,亀戸水神(344m);東あずま(576m);亀戸(638m);小村井(945m);平井(1166m);大島(1423m);西大島(1490m);錦糸町(1552m);押上(1795m),東武鉄道 亀戸線;東日本旅客鉄道 総武線;東京都 10号線新宿線;東京地下鉄 11号線半蔵門線;京成電鉄 押上線;東京都 1号線浅草線;東武鉄道 伊勢崎線
406640,第三商業,江東区,35.664413,139.796646,越中島,547,東日本旅客鉄道 京葉線,算出,越中島(547m);門前仲町(880m);木場(1094m);豊洲(1115m);月島(1118m);新豊洲(1843m);勝どき(1865m);潮見(1954m);東陽町(1985m),東日本旅客鉄道 京葉線;東京地下鉄 5号線東西線;東京都 12号線大江戸線;ゆりかもめ 東京臨海新交通臨海線;東京地下鉄 8号線有楽町線
406720,本所工科,葛飾区,35.777786,139.864914,金町,1096,京成電鉄 金町線;東日本旅客鉄道 常磐線,算出,金町(1096m),京成電鉄 金町線;東日本旅客鉄道 常磐線
406730,墨田工科,江東区,35.685307,139.806396,菊川,346,東京都 10号線新宿線,算出,菊川(346m);清澄白河(718m);森下(809m);住吉(931m);錦糸町(1526m);両国(1574m);浜町(1690m);門前仲町(1741m);木場(1775m);西大島(1853m);水天宮前(1937m),東京都 10号線新宿線;東京地下鉄 11号線半蔵門線;東京都 12号線大江戸線;東日本旅客鉄道 総武線;東京地下鉄 5号線東西線
406760,葛西工科,江戸川区,35.683552,139.87973,一之江,390,東京都 10号線新宿線,算出,一之江(390m);船堀(1434m);瑞江(1965m),東京都 10号線新宿線
406780,科学技術,江東区,35.687126,139.820709,住吉,482,東京地下鉄 11号線半蔵門線;東京都 10号線新宿線,算出,住吉(482m);西大島(562m);錦糸町(1243m);大島(1269m);亀戸(1280m);菊川(1327m);亀戸水神(1828m);東陽町(1969m),東京地下鉄 11号線半蔵門線;東京都 10号線新宿線;東日本旅客鉄道 総武線;東武鉄道 亀戸線;東京地下鉄 5号線東西線
406810,農産,葛飾区,35.7589,139.841629,亀有,1004,東日本旅客鉄道 常磐線,算出,亀有(1004m);お花茶屋(1265m);綾瀬(1553m);堀切菖蒲園(1784m);青砥(1961m),東日本旅客鉄道 常磐線;京成電鉄 本線;東京地下鉄 9号線千代田線;京成電鉄 押上線
406910,橘,墨田区,35.709663,139.833069,東あずま,287,東武鉄道 亀戸線,算出,東あずま(287m);小村井(498m);平井(925m);亀戸水神(1081m);亀戸(1464m);曳舟(1649m);押上(1808m);八広(1996m),東武鉄道 亀戸線;東日本旅客鉄道 総武線;京成電鉄 押上線;東武鉄道 伊勢崎線;東京地下鉄 11号線半蔵門線;東京都 1号線浅草線
407020,富士森,八王子市,35.6563,139.301529,西八王子,947,東日本旅客鉄道 中央線,算出,西八王子(947m);めじろ台(1542m);狭間(1887m),東日本旅客鉄道 中央線;京王電鉄 高尾線
407030,片倉,八王子市,35.626556,139.341415,八王子みなみ野,1080,東日本旅客鉄道 横浜線,算出,八王子みなみ野(1080m);片倉(1459m),東日本旅客鉄道 横浜線
407040,八王子東,八王子市,35.662373,139.364151,北八王子,770,東日本旅客鉄道 八高線,算出,北八王子(770m);豊田(1599m),東日本旅客鉄道 八高線;東日本旅客鉄道 中央線
407050,八王子北,八王子市,35.684837,139.302094,西八王子,3300,東日本旅客鉄道 中央線,算出,西八王子(3300m),東日本旅客鉄道 中央線
407070,松が谷,八王子市,35.628689,139.409882,京王堀之内,983,京王電鉄 相模原線,算出,京王堀之内(983m);大塚・帝京大学(1085m);松が谷(1151m);多摩センター(1333m);唐木田(1358m);中央大学・明星大学(1471m),京王電鉄 相模原線;多摩都市モノレール 多摩都市モノレール線;小田急電鉄 多摩線
407080,日野,日野市,35.666546,139.427734,万願寺,887,多摩都市モノレール 多摩都市モノレール線,算出,万願寺(887m);百草園(1072m);高幡不動(1358m);程久保(1984m),多摩都市モノレール 多摩都市モノレール線;京王電鉄 京王線;京王電鉄 動物園線
407090,日野台,日野市,35.6726,139.386902,日野,901,東日本旅客鉄道 中央線,算出,日野(901m);豊田(1540m),東日本旅客鉄道 中央線
407100,南平,日野市,35.651508,139.396896,南平,562,京王電鉄 京王線,算出,南平(562m);多摩動物公園(760m);程久保(1319m);中央大学・明星大学(1512m);平山城址公園(1606m);豊田(1650m);高幡不動(1919m),京王電鉄 京王線;京王電鉄 動物園線;多摩都市モノレール 多摩都市モノレール線;東日本旅客鉄道 中央線
407210,町田,町田市,35.553226,139.448441,町田,1195,小田急電鉄 小田原線;東日本旅客鉄道 横浜線,算出,町田(1195m);玉川学園前(1774m),小田急電鉄 小田原線;東日本旅客鉄道 横浜線
407230,野津田,町田市,35.590286,139.437607,町田,5343,小田急電鉄 小田原線;東日本旅客鉄道 横浜線,手動,町田(5343m);鶴川(4077m);淵野辺(4526m);多摩センター(4023m),小田急電鉄 小田原線;東日本旅客鉄道 横浜線;京王電鉄 相模原線;小田急電鉄 多摩線;多摩都市モノレール 多摩都市モノレール線
407240,成瀬,町田市,35.54208,139.475357,成瀬,776,東日本旅客鉄道 横浜線,算出,成瀬(776m);恩田(1571m);つくし野(1881m),東日本旅客鉄道 横浜線;東急電鉄 こどもの国線;東急電鉄 田園都市線
407250,小川,町田市,35.532124,139.46933,成瀬,489,東日本旅客鉄道 横浜線,算出,成瀬(489m);つくし野(1520m),東日本旅客鉄道 横浜線;東急電鉄 田園都市線
407260,山崎,町田市,35.577293,139.434006,町田,3992,小田急電鉄 小田原線;東日本旅客鉄道 横浜線,手動,町田(3992m);古淵(2720m),小田急電鉄 小田原線;東日本旅客鉄道 横浜線
407420,町田総合,町田市,35.57093,139.416885,町田,4086,小田急電鉄 小田原線;東日本旅客鉄道 横浜線,手動,町田(4086m);淵野辺(1968m);古淵(1676m),小田急電鉄 小田原線;東日本旅客鉄道 横浜線
407510,翔陽,八王子市,35.629959,139.284119,高尾,1352,京王電鉄 高尾線;東日本旅客鉄道 中央線,手動,高尾(1352m),京王電鉄 高尾線;東日本旅客鉄道 中央線
407520,八王子拓真,八王子市,35.654625,139.317535,西八王子,532,東日本旅客鉄道 中央線,算出,西八王子(532m);山田(1178m);めじろ台(1468m),東日本旅客鉄道 中央線;京王電鉄 高尾線
407720,町田工科,町田市,35.575607,139.422287,淵野辺,2563,東日本旅客鉄道 横浜線,手動,淵野辺(2563m);町田(4233m);橋本(7355m),東日本旅客鉄道 横浜線;小田急電鉄 小田原線;京王電鉄 相模原線;東日本旅客鉄道 相模線
407910,八王子桑志,八王子市,35.657742,139.305069,西八王子,648,東日本旅客鉄道 中央線,算出,西八王子(648m);めじろ台(1598m),東日本旅客鉄道 中央線;京王電鉄 高尾線
408010,立川,立川市,35.693211,139.413086,立川南,332,多摩都市モノレール 多摩都市モノレール線,算出,立川南(332m);柴崎体育館(512m);立川(530m);立川北(703m);西国立(979m);甲州街道(1701m);高松(1872m);矢川(1900m),多摩都市モノレール 多摩都市モノレール線;東日本旅客鉄道 青梅線;東日本旅客鉄道 中央線;東日本旅客鉄道 南武線
408030,砂川,立川市,35.714058,139.411499,高松,474,多摩都市モノレール 多摩都市モノレール線,算出,高松(474m);立飛(504m);泉体育館(902m);砂川七番(1196m);立川北(1619m);立川(1808m);立川南(1991m),多摩都市モノレール 多摩都市モノレール線;東日本旅客鉄道 青梅線;東日本旅客鉄道 中央線;東日本旅客鉄道 南武線
408040,昭和,昭島市,35.703621,139.386948,東中神,364,東日本旅客鉄道 青梅線,算出,東中神(364m);西立川(582m);中神(1178m),東日本旅客鉄道 青梅線
408050,拝島,昭島市,35.703461,139.345444,拝島,1984,西武鉄道 拝島線;東日本旅客鉄道 五日市線;東日本旅客鉄道 青梅線;東日本旅客鉄道 八高線,手動,拝島(1984m);昭島(1821m);立川(6218m),西武鉄道 拝島線;東日本旅客鉄道 五日市線;東日本旅客鉄道 青梅線;東日本旅客鉄道 八高線;東日本旅客鉄道 中央線;東日本旅客鉄道 南武線
408060,東大和,東大和市,35.744926,139.424866,上北台,818,多摩都市モノレール 多摩都市モノレール線,算出,上北台(818m);桜街道(996m);玉川上水(1565m);東大和市(1585m),多摩都市モノレール 多摩都市モノレール線;西武鉄道 拝島線
408070,武蔵村山,武蔵村山市,35.757229,139.365341,昭島,4905,東日本旅客鉄道 青梅線,手動,昭島(4905m);西武立川(3474m);箱根ヶ崎(2325m);東大和市(6785m);青梅(10358m),東日本旅客鉄道 青梅線;西武鉄道 拝島線;東日本旅客鉄道 八高線
408090,東大和南,東大和市,35.734173,139.418442,玉川上水,252,西武鉄道 拝島線;多摩都市モノレール 多摩都市モノレール線,算出,玉川上水(252m);桜街道(567m);砂川七番(1200m);上北台(1309m);東大和市(1438m);泉体育館(1707m),西武鉄道 拝島線;多摩都市モノレール 多摩都市モノレール線
408210,多摩,青梅市,35.789478,139.245956,宮ノ平,807,東日本旅客鉄道 青梅線,算出,宮ノ平(807m);青梅(1104m);日向和田(1484m),東日本旅客鉄道 青梅線
408230,福生,福生市,35.736156,139.322556,福生,845,東日本旅客鉄道 青梅線,算出,福生(845m);牛浜(1034m);熊川(1476m);東秋留(1502m);東福生(1608m),東日本旅客鉄道 青梅線;東日本旅客鉄道 五日市線;東日本旅客鉄道 八高線
408240,秋留台,あきる野市,35.732365,139.300125,東秋留,1264,東日本旅客鉄道 五日市線,算出,東秋留(1264m);秋川(1299m),東日本旅客鉄道 五日市線
408250,羽村,羽村市,35.766273,139.332108,羽村,1701,東日本旅客鉄道 青梅線,手動,羽村(1701m);箱根ヶ崎(1451m),東日本旅客鉄道 青梅線;東日本旅客鉄道 八高線
408260,五日市,あきる野市,35.728943,139.217773,武蔵五日市,1000,東日本旅客鉄道 五日市線,算出,武蔵五日市(1000m),東日本旅客鉄道 五日市線
408420,青梅総合,青梅市,35.789185,139.269424,東青梅,313,東日本旅客鉄道 青梅線,算出,東青梅(313m);青梅(1030m);河辺(1408m),東日本旅客鉄道 青梅線
408430,立川緑,立川市,35.689713,139.41893,西国立,638,東日本旅客鉄道 南武線,算出,西国立(638m);柴崎体育館(872m);立川南(919m);立川(1018m);立川北(1229m);矢川(1254m);甲州街道(1551m),東日本旅客鉄道 南武線;多摩都市モノレール 多摩都市モノレール線;東日本旅客鉄道 青梅線;東日本旅客鉄道 中央線
408510,上水,武蔵村山市,35.734982,139.412109,桜街道,603,多摩都市モノレール 多摩都市モノレール線,算出,桜街道(603m);玉川上水(652m);上北台(1245m);砂川七番(1399m);武蔵砂川(1911m);泉体育館(1916m),多摩都市モノレール 多摩都市モノレール線;西武鉄道 拝島線
408710,多摩工科,福生市,35.716431,139.337982,拝島,743,西武鉄道 拝島線;東日本旅客鉄道 五日市線;東日本旅客鉄道 青梅線;東日本旅客鉄道 八高線,算出,拝島(743m);熊川(1334m),西武鉄道 拝島線;東日本旅客鉄道 五日市線;東日本旅客鉄道 青梅線;東日本旅客鉄道 八高線
408820,瑞穂農芸,瑞穂町,35.776951,139.359375,箱根ヶ崎,1281,東日本旅客鉄道 八高線,算出,箱根ヶ崎(1281m),東日本旅客鉄道 八高線
409010,武蔵,武蔵野市,35.708813,139.538971,武蔵境,879,西武鉄道 多摩川線;東日本旅客鉄道 中央線,算出,武蔵境(879m);東小金井(1593m);新小金井(1809m),西武鉄道 多摩川線;東日本旅客鉄道 中央線
409020,武蔵野北,武蔵野市,35.720055,139.556885,西武柳沢,1031,西武鉄道 新宿線,算出,西武柳沢(1031m);東伏見(1140m);田無(1800m);武蔵関(1949m);三鷹(1961m),西武鉄道 新宿線;東日本旅客鉄道 中央線
409030,小金井北,小金井市,35.705711,139.516815,東小金井,779,東日本旅客鉄道 中央線,算出,東小金井(779m);武蔵小金井(1112m);新小金井(1410m),東日本旅客鉄道 中央線;西武鉄道 多摩川線
409040,保谷,西東京市,35.745476,139.555099,ひばりヶ丘,1072,西武鉄道 池袋線,算出,ひばりヶ丘(1072m);保谷(1225m);西武柳沢(1894m),西武鉄道 池袋線;西武鉄道 新宿線
409060,久留米西,東久留米市,35.760448,139.510483,清瀬,1537,西武鉄道 池袋線,算出,清瀬(1537m),西武鉄道 池袋線
409070,田無,西東京市,35.72002,139.528198,田無,1259,西武鉄道 新宿線,算出,田無(1259m);花小金井(1506m),西武鉄道 新宿線
409210,小平,小平市,35.731598,139.483566,青梅街道,635,西武鉄道 多摩湖線,算出,青梅街道(635m);小平(737m);一橋学園(1102m);新小平(1181m);萩山(1185m);小川(1929m),西武鉄道 多摩湖線;西武鉄道 新宿線;西武鉄道 拝島線;東日本旅客鉄道 武蔵野線;西武鉄道 国分寺線
409220,小平西,小平市,35.726398,139.440826,東大和市,933,西武鉄道 拝島線,算出,東大和市(933m);鷹の台(1865m),西武鉄道 拝島線;西武鉄道 国分寺線
409230,東村山,東村山市,35.75956,139.477127,東村山,1018,西武鉄道 国分寺線;西武鉄道 新宿線;西武鉄道 西武園線,算出,東村山(1018m);久米川(1185m);八坂(1838m),西武鉄道 国分寺線;西武鉄道 新宿線;西武鉄道 西武園線;西武鉄道 多摩湖線
409240,国分寺,国分寺市,35.711922,139.448105,国立,1423,東日本旅客鉄道 中央線,算出,国立(1423m);恋ヶ窪(1427m);鷹の台(1699m),東日本旅客鉄道 中央線;西武鉄道 国分寺線
409250,清瀬,清瀬市,35.769852,139.515808,清瀬,439,西武鉄道 池袋線,算出,清瀬(439m);東久留米(1927m);秋津(1962m),西武鉄道 池袋線
409270,小平南,小平市,35.711796,139.474762,恋ヶ窪,983,西武鉄道 国分寺線,算出,恋ヶ窪(983m);一橋学園(1242m);国分寺(1352m);西国分寺(1555m);鷹の台(1756m),西武鉄道 国分寺線;西武鉄道 多摩湖線;東日本旅客鉄道 中央線;東日本旅客鉄道 武蔵野線
409280,東村山西,東村山市,35.748219,139.456573,八坂,1074,西武鉄道 多摩湖線,算出,八坂(1074m);小川(1339m);武蔵大和(1454m);久米川(1462m);東村山(1552m),西武鉄道 多摩湖線;西武鉄道 国分寺線;西武鉄道 拝島線;西武鉄道 新宿線;西武鉄道 西武園線
409410,東久留米総合,東久留米市,35.762337,139.520157,清瀬,1070,西武鉄道 池袋線,算出,清瀬(1070m);東久留米(1244m),西武鉄道 池袋線
409710,小金井工科,小金井市,35.69931,139.500031,武蔵小金井,566,東日本旅客鉄道 中央線,算出,武蔵小金井(566m);国分寺(1801m),東日本旅客鉄道 中央線;西武鉄道 国分寺線;西武鉄道 多摩湖線
409720,田無工科,西東京市,35.721031,139.549316,西武柳沢,884,西武鉄道 新宿線,算出,西武柳沢(884m);田無(1157m);東伏見(1547m),西武鉄道 新宿線
409730,多摩科学技術,小金井市,35.69931,139.500031,武蔵小金井,566,東日本旅客鉄道 中央線,算出,武蔵小金井(566m);国分寺(1801m),東日本旅客鉄道 中央線;西武鉄道 国分寺線;西武鉄道 多摩湖線
410020,神代,調布市,35.656952,139.585693,仙川,604,京王電鉄 京王線,算出,仙川(604m);つつじヶ丘(956m);柴崎(1754m);千歳烏山(1795m),京王電鉄 京王線
410030,調布北,調布市,35.680595,139.548645,調布,3225,京王電鉄 京王線;京王電鉄 相模原線,手動,調布(3225m);吉祥寺(3761m);三鷹(2688m);武蔵境(2418m),京王電鉄 京王線;京王電鉄 相模原線;京王電鉄 井の頭線;東日本旅客鉄道 中央線;西武鉄道 多摩川線
410040,調布南,調布市,35.643959,139.539673,京王多摩川,317,京王電鉄 相模原線,算出,京王多摩川(317m);調布(982m);稲田堤(1244m);布田(1271m);西調布(1747m);矢野口(1756m);国領(1831m);中野島(1861m),京王電鉄 相模原線;京王電鉄 京王線;東日本旅客鉄道 南武線
410050,狛江,狛江市,35.627571,139.570496,和泉多摩川,292,小田急電鉄 小田原線,算出,和泉多摩川(292m);登戸(756m);狛江(811m);向ヶ丘遊園(1262m);宿河原(1579m);喜多見(1772m);中野島(1776m),小田急電鉄 小田原線;東日本旅客鉄道 南武線
410210,府中,府中市,35.686993,139.474579,北府中,727,東日本旅客鉄道 武蔵野線,算出,北府中(727m);国分寺(1578m);西国分寺(1628m);府中(1720m),東日本旅客鉄道 武蔵野線;西武鉄道 国分寺線;西武鉄道 多摩湖線;東日本旅客鉄道 中央線;京王電鉄 京王線
410220,府中東,府中市,35.656624,139.514389,武蔵野台,880,京王電鉄 京王線,算出,武蔵野台(880m);飛田給(917m);白糸台(1163m);競艇場前(1332m);西調布(1368m);多磨霊園(1549m);稲城長沼(1737m);矢野口(1743m),京王電鉄 京王線;西武鉄道 多摩川線;東日本旅客鉄道 南武線
410230,府中西,府中市,35.671597,139.44635,西府,1000,東日本旅客鉄道 南武線,算出,西府(1000m);谷保(1089m);中河原(1680m),東日本旅客鉄道 南武線;京王電鉄 京王線
410240,国立,国立市,35.687832,139.448761,谷保,739,東日本旅客鉄道 南武線,算出,谷保(739m);国立(1281m);矢川(1581m),東日本旅客鉄道 南武線;東日本旅客鉄道 中央線
410250,永山,多摩市,35.614353,139.448563,永山,1749,京王電鉄 相模原線;小田急電鉄 多摩線,手動,永山(1749m),京王電鉄 相模原線;小田急電鉄 多摩線
410410,若葉総合,稲城市,35.617413,139.477631,若葉台,525,京王電鉄 相模原線,算出,若葉台(525m);黒川(783m);はるひ野(1149m);栗平(1338m),京王電鉄 相模原線;小田急電鉄 多摩線
410610,第五商業,国立市,35.688984,139.44017,矢川,888,東日本旅客鉄道 南武線,算出,矢川(888m);谷保(1035m);国立(1268m);西国立(1563m),東日本旅客鉄道 南武線;東日本旅客鉄道 中央線
410710,府中工科,府中市,35.672321,139.499985,東府中,572,京王電鉄 京王線;京王電鉄 競馬場線,算出,東府中(572m);多磨霊園(690m);白糸台(1091m);武蔵野台(1369m);府中競馬正門前(1410m);多磨(1629m);競艇場前(1792m);府中(1796m),京王電鉄 京王線;京王電鉄 競馬場線;西武鉄道 多摩川線
410810,農業,府中市,35.676914,139.478683,府中,541,京王電鉄 京王線,算出,府中(541m);北府中(761m);府中競馬正門前(1117m);府中本町(1240m);分倍河原(1324m);東府中(1761m),京王電鉄 京王線;東日本旅客鉄道 武蔵野線;京王電鉄 競馬場線;東日本旅客鉄道 南武線
411010,大島,大島町,34.767002,139.357895,,,,鉄道なし,,
411030,新島,新島村,34.371029,139.25679,,,,鉄道なし,,
411040,神津,神津島村,34.206505,139.135452,,,,鉄道なし,,
411910,大島海洋国際,大島町,34.68103,139.433304,,,,鉄道なし,,
412010,三宅,三宅村,,,,,,座標なし,,
413010,八丈,八丈町,,,,,,座標なし,,
414010,小笠原,小笠原村,27.071243,142.20961,,,,鉄道なし,,
